-- phpMyAdmin SQL Dump
-- version 5.2.1
-- https://www.phpmyadmin.net/
--
-- Host: 127.0.0.1:3307
-- Generation Time: Jan 06, 2026 at 07:03 AM
-- Server version: 10.4.32-MariaDB
-- PHP Version: 8.2.12

SET SQL_MODE = "NO_AUTO_VALUE_ON_ZERO";
START TRANSACTION;
SET time_zone = "+00:00";


/*!40101 SET @OLD_CHARACTER_SET_CLIENT=@@CHARACTER_SET_CLIENT */;
/*!40101 SET @OLD_CHARACTER_SET_RESULTS=@@CHARACTER_SET_RESULTS */;
/*!40101 SET @OLD_COLLATION_CONNECTION=@@COLLATION_CONNECTION */;
/*!40101 SET NAMES utf8mb4 */;

--
-- Database: `fkparksystem`
--

-- --------------------------------------------------------

--
-- Table structure for table `booking`
--

CREATE TABLE `booking` (
  `BookingID` varchar(10) NOT NULL,
  `StudentID` varchar(10) DEFAULT NULL,
  `ParkingSpaceID` varchar(10) DEFAULT NULL,
  `BookingDate` date DEFAULT NULL,
  `BookingTime` time DEFAULT NULL,
  `BookingStatus` varchar(20) DEFAULT NULL
) ENGINE=InnoDB DEFAULT CHARSET=utf8mb4 COLLATE=utf8mb4_general_ci;

--
-- Dumping data for table `booking`
--

INSERT INTO `booking` (`BookingID`, `StudentID`, `ParkingSpaceID`, `BookingDate`, `BookingTime`, `BookingStatus`) VALUES
('B176755410', 'CB23067', 'PS09', '2026-01-06', '16:15:00', 'Confirmed'),
('B695bc9e7e', NULL, 'PS01', '2026-01-06', '23:22:00', 'Confirmed'),
('B695bca713', NULL, 'PS01', '2026-01-06', '23:22:00', 'Confirmed');

-- --------------------------------------------------------

--
-- Table structure for table `parkingarea`
--

CREATE TABLE `parkingarea` (
  `ParkingAreaID` varchar(10) NOT NULL,
  `AreaType` varchar(50) DEFAULT NULL,
  `AreaNumber` varchar(10) DEFAULT NULL,
  `TotalSpaces` int(11) DEFAULT NULL
) ENGINE=InnoDB DEFAULT CHARSET=utf8mb4 COLLATE=utf8mb4_general_ci;

--
-- Dumping data for table `parkingarea`
--

INSERT INTO `parkingarea` (`ParkingAreaID`, `AreaType`, `AreaNumber`, `TotalSpaces`) VALUES
('PA001', 'Staff', 'A1', 10),
('PA02', 'Staff', 'A2', 10),
('PA03', 'Student', 'A3', 10),
('PA04', 'Staff', 'A4', 10),
('PA05', 'Staff', 'A5', 10),
('PA06', 'Student', 'B1', 10),
('PA07', 'Student', 'B2', 10),
('PA08', 'Student', 'B3', 10),
('PA09', 'Student', 'B4', 3);

-- --------------------------------------------------------

--
-- Table structure for table `parkingspace`
--

CREATE TABLE `parkingspace` (
  `ParkingSpaceID` varchar(10) NOT NULL,
  `ParkingAreaID` varchar(10) DEFAULT NULL,
  `SpaceNumber` varchar(20) DEFAULT NULL,
  `SpaceType` varchar(30) DEFAULT NULL
) ENGINE=InnoDB DEFAULT CHARSET=utf8mb4 COLLATE=utf8mb4_general_ci;

--
-- Dumping data for table `parkingspace`
--

INSERT INTO `parkingspace` (`ParkingSpaceID`, `ParkingAreaID`, `SpaceNumber`, `SpaceType`) VALUES
('PS01', 'PA001', 'A1-1', 'Car'),
('PS02', 'PA001', 'A1-2', 'Car'),
('PS03', 'PA001', 'A1-3', 'Car'),
('PS04', 'PA001', 'A1-4', 'Staff'),
('PS05', 'PA001', 'A1-5', 'Staff'),
('PS06', 'PA001', 'A1-6', 'Staff'),
('PS07', 'PA001', 'A1-7', 'Staff'),
('PS08', 'PA001', 'A1-8', 'Staff'),
('PS09', 'PA001', 'A1-9', 'Staff'),
('PS11', 'PA02', 'A2-1', 'Staff'),
('PS12', 'PA02', 'A2-2', 'Staff'),
('PS13', 'PA02', 'A2-3', 'Staff'),
('PS14', 'PA02', 'A2-4', 'Staff'),
('PS15', 'PA02', 'A2-5', 'Staff'),
('PS16', 'PA02', 'A2-6', 'Staff'),
('PS17', 'PA02', 'A2-7', 'Staff'),
('PS18', 'PA02', 'A2-8', 'Staff'),
('PS19', 'PA02', 'A2-9', 'Staff'),
('PS20', 'PA02', 'A2-10', 'Staff'),
('PS21', 'PA03', 'A3-1', 'Student'),
('PS22', 'PA03', 'A3-2', 'Student'),
('PS23', 'PA03', 'A3-3', 'Student'),
('PS24', 'PA03', 'A3-4', 'Student'),
('PS25', 'PA03', 'A3-5', 'Student'),
('PS26', 'PA03', 'A3-6', 'Student'),
('PS27', 'PA03', 'A3-7', 'Student'),
('PS28', 'PA03', 'A3-8', 'Student'),
('PS29', 'PA03', 'A3-9', 'Student'),
('PS30', 'PA03', 'A3-10', 'Student'),
('PS31', 'PA04', 'A4-1', 'Staff'),
('PS32', 'PA04', 'A4-2', 'Staff'),
('PS33', 'PA04', 'A4-3', 'Staff'),
('PS34', 'PA04', 'A4-4', 'Staff'),
('PS35', 'PA04', 'A4-5', 'Staff'),
('PS36', 'PA04', 'A4-6', 'Staff'),
('PS37', 'PA04', 'A4-7', 'Staff'),
('PS38', 'PA04', 'A4-8', 'Staff'),
('PS39', 'PA04', 'A4-9', 'Staff'),
('PS40', 'PA04', 'A4-10', 'Staff'),
('PS41', 'PA05', 'A5-1', 'Staff'),
('PS42', 'PA05', 'A5-2', 'Staff'),
('PS43', 'PA05', 'A5-3', 'Staff'),
('PS44', 'PA05', 'A5-4', 'Staff'),
('PS45', 'PA05', 'A5-5', 'Staff'),
('PS46', 'PA05', 'A5-6', 'Staff'),
('PS47', 'PA05', 'A5-7', 'Staff'),
('PS48', 'PA05', 'A5-8', 'Staff'),
('PS49', 'PA05', 'A5-9', 'Staff'),
('PS50', 'PA05', 'A5-10', 'Staff'),
('PS51', 'PA06', 'B1-1', 'Student'),
('PS52', 'PA06', 'B1-2', 'Student'),
('PS53', 'PA06', 'B1-3', 'Student'),
('PS54', 'PA06', 'B1-4', 'Student'),
('PS55', 'PA06', 'B1-5', 'Student'),
('PS56', 'PA06', 'B1-6', 'Student'),
('PS57', 'PA06', 'B1-7', 'Student'),
('PS58', 'PA06', 'B1-8', 'Student'),
('PS59', 'PA06', 'B1-9', 'Student'),
('PS60', 'PA06', 'B1-10', 'Student'),
('PS61', 'PA07', 'B2-1', 'Car'),
('PS62', 'PA07', 'B2-2', 'Car'),
('PS63', 'PA07', 'B2-3', 'Car'),
('PS64', 'PA07', 'B2-4', 'Car'),
('PS65', 'PA07', 'B2-5', 'Car'),
('PS66', 'PA07', 'B2-6', 'Student'),
('PS67', 'PA07', 'B2-7', 'Car'),
('PS68', 'PA07', 'B2-8', 'Student'),
('PS69', 'PA07', 'B2-9', 'Student'),
('PS70', 'PA07', 'B2-10', 'Car'),
('PS71', 'PA08', 'B3-1', 'Motorcycle'),
('PS72', 'PA08', 'B3-2', 'Motorcycle'),
('PS73', 'PA08', 'B3-3', 'Motorcycle'),
('PS74', 'PA08', 'B3-4', 'Motorcycle'),
('PS75', 'PA08', 'B3-5', 'Motorcycle'),
('PS76', 'PA08', 'B3-6', 'Motorcycle'),
('PS77', 'PA08', 'B3-7', 'Motorcycle'),
('PS78', 'PA08', 'B3-8', 'Motorcycle'),
('PS79', 'PA08', 'B3-9', 'Motorcycle'),
('PS80', 'PA08', 'B3-10', 'Motorcycle'),
('PS86', 'PA001', 'A1-10', 'Staff'),
('PS87', 'PA09', 'B4-1', 'Student'),
('PS88', 'PA09', 'B4-2', 'Student'),
('PS89', 'PA09', 'B4-3', 'Student');

-- --------------------------------------------------------

--
-- Table structure for table `parkingstatus`
--

CREATE TABLE `parkingstatus` (
  `ParkingStatusID` int(11) NOT NULL,
  `ParkingSpaceID` varchar(10) DEFAULT NULL,
  `ParkingAreaID` varchar(10) DEFAULT NULL,
  `SpaceStatus` varchar(50) DEFAULT NULL,
  `DateStatus` date DEFAULT NULL
) ENGINE=InnoDB DEFAULT CHARSET=utf8mb4 COLLATE=utf8mb4_general_ci;

--
-- Dumping data for table `parkingstatus`
--

INSERT INTO `parkingstatus` (`ParkingStatusID`, `ParkingSpaceID`, `ParkingAreaID`, `SpaceStatus`, `DateStatus`) VALUES
(127, 'PS01', 'PA001', 'Occupied', '2026-01-05'),
(128, 'PS02', 'PA001', 'Maintenance', '2026-01-05'),
(129, 'PS03', 'PA001', 'Available', '2025-12-25'),
(130, 'PS04', 'PA001', 'Occupied', '2026-01-05'),
(131, 'PS05', 'PA001', 'Available', '2025-12-25'),
(132, 'PS06', 'PA001', 'Available', '2025-12-25'),
(133, 'PS07', 'PA001', 'Available', '2025-12-25'),
(134, 'PS08', 'PA001', 'Available', '2025-12-25'),
(135, 'PS09', 'PA001', 'Available', '2025-12-25'),
(137, 'PS11', 'PA02', 'Occupied', '2026-01-01'),
(138, 'PS12', 'PA02', 'Occupied', '2026-01-01'),
(139, 'PS13', 'PA02', 'Available', '2025-12-25'),
(140, 'PS14', 'PA02', 'Available', '2025-12-25'),
(141, 'PS15', 'PA02', 'Available', '2025-12-25'),
(142, 'PS16', 'PA02', 'Available', '2025-12-25'),
(143, 'PS17', 'PA02', 'Available', '2025-12-25'),
(144, 'PS18', 'PA02', 'Available', '2025-12-25'),
(145, 'PS19', 'PA02', 'Available', '2025-12-25'),
(146, 'PS20', 'PA02', 'Available', '2025-12-25'),
(147, 'PS21', 'PA03', 'Available', '2025-12-25'),
(148, 'PS22', 'PA03', 'Available', '2025-12-25'),
(149, 'PS23', 'PA03', 'Available', '2025-12-25'),
(150, 'PS24', 'PA03', 'Available', '2025-12-25'),
(151, 'PS25', 'PA03', 'Available', '2025-12-25'),
(152, 'PS26', 'PA03', 'Available', '2025-12-25'),
(153, 'PS27', 'PA03', 'Available', '2025-12-25'),
(154, 'PS28', 'PA03', 'Available', '2025-12-25'),
(155, 'PS29', 'PA03', 'Available', '2025-12-25'),
(156, 'PS30', 'PA03', 'Available', '2025-12-25'),
(157, 'PS31', 'PA04', 'Available', '2025-12-25'),
(158, 'PS32', 'PA04', 'Available', '2025-12-25'),
(159, 'PS33', 'PA04', 'Available', '2025-12-25'),
(160, 'PS34', 'PA04', 'Available', '2025-12-25'),
(161, 'PS35', 'PA04', 'Available', '2025-12-25'),
(162, 'PS36', 'PA04', 'Available', '2025-12-25'),
(163, 'PS37', 'PA04', 'Available', '2025-12-25'),
(164, 'PS38', 'PA04', 'Available', '2025-12-25'),
(165, 'PS39', 'PA04', 'Available', '2025-12-25'),
(166, 'PS40', 'PA04', 'Available', '2025-12-25'),
(167, 'PS41', 'PA05', 'Available', '2025-12-25'),
(168, 'PS42', 'PA05', 'Available', '2025-12-25'),
(169, 'PS43', 'PA05', 'Available', '2025-12-25'),
(170, 'PS44', 'PA05', 'Available', '2025-12-25'),
(171, 'PS45', 'PA05', 'Available', '2025-12-25'),
(172, 'PS46', 'PA05', 'Available', '2025-12-25'),
(173, 'PS47', 'PA05', 'Available', '2025-12-25'),
(174, 'PS48', 'PA05', 'Available', '2025-12-25'),
(175, 'PS49', 'PA05', 'Available', '2025-12-25'),
(176, 'PS50', 'PA05', 'Available', '2025-12-25'),
(177, 'PS51', 'PA06', 'Available', '2025-12-25'),
(178, 'PS52', 'PA06', 'Available', '2025-12-25'),
(179, 'PS53', 'PA06', 'Available', '2025-12-25'),
(180, 'PS54', 'PA06', 'Available', '2025-12-25'),
(181, 'PS55', 'PA06', 'Available', '2025-12-25'),
(182, 'PS56', 'PA06', 'Available', '2025-12-25'),
(183, 'PS57', 'PA06', 'Available', '2025-12-25'),
(184, 'PS58', 'PA06', 'Available', '2025-12-25'),
(185, 'PS59', 'PA06', 'Available', '2025-12-25'),
(186, 'PS60', 'PA06', 'Available', '2025-12-25'),
(187, 'PS61', 'PA07', 'Available', '2025-12-25'),
(188, 'PS62', 'PA07', 'Available', '2025-12-25'),
(189, 'PS63', 'PA07', 'Available', '2025-12-25'),
(190, 'PS64', 'PA07', 'Available', '2025-12-25'),
(191, 'PS65', 'PA07', 'Available', '2025-12-25'),
(192, 'PS66', 'PA07', 'Available', '2025-12-25'),
(193, 'PS67', 'PA07', 'Available', '2025-12-25'),
(194, 'PS68', 'PA07', 'Available', '2025-12-25'),
(195, 'PS69', 'PA07', 'Available', '2025-12-25'),
(196, 'PS70', 'PA07', 'Available', '2025-12-25'),
(197, 'PS71', 'PA08', 'Occupied', '2026-01-02'),
(198, 'PS72', 'PA08', 'Available', '2026-01-02'),
(199, 'PS73', 'PA08', 'Available', '2025-12-25'),
(200, 'PS74', 'PA08', 'Available', '2025-12-25'),
(201, 'PS75', 'PA08', 'Available', '2025-12-25'),
(202, 'PS76', 'PA08', 'Available', '2025-12-25'),
(203, 'PS77', 'PA08', 'Available', '2025-12-25'),
(204, 'PS78', 'PA08', 'Available', '2025-12-25'),
(205, 'PS79', 'PA08', 'Available', '2025-12-25'),
(206, 'PS80', 'PA08', 'Available', '2025-12-25'),
(227, 'PS86', 'PA001', 'Available', '2026-01-01'),
(237, 'PS87', 'PA09', 'Available', '2026-01-05'),
(238, 'PS88', 'PA09', 'Available', '2026-01-04'),
(239, 'PS89', 'PA09', 'Available', '2026-01-04');

-- --------------------------------------------------------

--
-- Table structure for table `qrcode`
--

CREATE TABLE `qrcode` (
  `QRCodeID` int(11) NOT NULL,
  `Image_URL` varchar(255) DEFAULT NULL,
  `QR_Description` varchar(255) DEFAULT NULL
) ENGINE=InnoDB DEFAULT CHARSET=utf8mb4 COLLATE=utf8mb4_general_ci;

--
-- Dumping data for table `qrcode`
--

INSERT INTO `qrcode` (`QRCodeID`, `Image_URL`, `QR_Description`) VALUES
(1, 'https://api.qrserver.com/v1/create-qr-code/?size=150x150&data=http%3A%2F%2Flocalhost%2Ffkparksystem%2FStudentViewSummon.php%3FsummonID%3D1', 'QR code for Summon 1');

-- --------------------------------------------------------

--
-- Table structure for table `staff`
--

CREATE TABLE `staff` (
  `StaffID` varchar(10) NOT NULL,
  `StaffName` varchar(100) DEFAULT NULL,
  `StaffContact` varchar(20) DEFAULT NULL,
  `StaffEmail` varchar(100) DEFAULT NULL,
  `StaffPic` varchar(100) DEFAULT NULL,
  `StaffPassword` varchar(100) DEFAULT NULL,
  `Roles` varchar(50) DEFAULT NULL
) ENGINE=InnoDB DEFAULT CHARSET=utf8mb4 COLLATE=utf8mb4_general_ci;

--
-- Dumping data for table `staff`
--

INSERT INTO `staff` (`StaffID`, `StaffName`, `StaffContact`, `StaffEmail`, `StaffPic`, `StaffPassword`, `Roles`) VALUES
('FS001', 'Azelena', '012-3456788', 'azelena@gmail.com', 'azelena_1766310588.jfif', '$2y$10$5tPPtKxB/27BNyh7/CD9RucrLZq8voJXp/0d2aJyGgurjqLtQynCy', 'Administrator'),
('FS002', 'Ahmad Faizal', '012-8899321', 'faizalahmad@gmail.com', 'faizal.jpg', 'Faizal@123', 'Administrator'),
('SS001', 'Nurul Shafika', '013-7722441', 'shafika.nurul@gmail.com', 'Nurul.jpg', '$2y$10$kVXXl7s2np5QwxoC9UjyKeiElKVFMNi2RBPmeQDPz1UUAHEU5ZENa', 'SecurityStaff'),
('SS002', 'Muhammad Afiq', '011-6633412', 'afiq.muhammad@gmail.com', 'afiq.jpeg', 'Afiq@123', 'SecurityStaff');

-- --------------------------------------------------------

--
-- Table structure for table `student`
--

CREATE TABLE `student` (
  `StudentID` varchar(10) NOT NULL,
  `StudentName` varchar(100) DEFAULT NULL,
  `StudentContact` varchar(20) DEFAULT NULL,
  `StudentEmail` varchar(100) DEFAULT NULL,
  `StudentPic` blob DEFAULT NULL,
  `StudentPassword` varchar(100) DEFAULT NULL
) ENGINE=InnoDB DEFAULT CHARSET=utf8mb4 COLLATE=utf8mb4_general_ci;

--
-- Dumping data for table `student`
--

INSERT INTO `student` (`StudentID`, `StudentName`, `StudentContact`, `StudentEmail`, `StudentPic`, `StudentPassword`) VALUES
('CA23011', 'Faris Daniel', '017-4433221', 'faris@gmail.com', 0x46617269732e6a7067, 'Faris@123'),
('CA23099', 'Nur Syafiqah', '018-9876543', 'syafiqah@gmail.com', 0x53796166697161682e6a7067, 'Syafiqah@123'),
('CA24011', 'Hakim Fitri', '016-4455667', 'hakimfitri@gmail.com', 0x48616b696d2e6a7067, 'Hakim@123'),
('CA24089', 'Nurul Izzah', '019-7788990', 'izzah@gmail.com', 0x497a7a61682e6a7067, 'Izzah@123'),
('CB23028', 'Nur Alia', '013-9988776', 'aliazahra@gmail.com', 0x416c69612e6a7067, 'Alia@123'),
('CB23067', 'Farid Kamal', '012-3456789', 'faridkamal@gmail.com', 0x66617269645f6b616d616c5f313736373632323834342e6a666966, '$2y$10$LjfOhFafC98WEKBeEMwLXObbEVuGt5F5u3VRIsV2Xp1AQvzbTZt/u'),
('CB23099', 'Irfan Shah', '011-7623458', 'irfanshah@gmail.com', 0x497266616e2e6a7067, 'Irfan@123'),
('CB24001', 'Nur Amirah', '014-5566778', 'nuraminah@gmail.com', 0x416d697261682e6a7067, 'Amirah@123'),
('CB24055', 'Daniel Haikal', '010-2233445', 'danielhaikal@gmail.com', 0x4861696b616c2e6a7067, 'Haikal@123'),
('CB24190', 'Puteri Aisyah', '012-8899001', 'PuteriAisyah@gmail.com', 0x4169737961682e6a7067, 'Aisyah@123');

-- --------------------------------------------------------

--
-- Table structure for table `studentmerit`
--

CREATE TABLE `studentmerit` (
  `MeritID` int(11) NOT NULL,
  `StudentID` varchar(10) DEFAULT NULL,
  `MeritPoint` int(11) DEFAULT NULL,
  `DemeritPoint` int(11) DEFAULT NULL,
  `EnforcementStatus` varchar(100) DEFAULT NULL,
  `Date` date DEFAULT NULL
) ENGINE=InnoDB DEFAULT CHARSET=utf8mb4 COLLATE=utf8mb4_general_ci;

-- --------------------------------------------------------

--
-- Table structure for table `trafficsummon`
--

CREATE TABLE `trafficsummon` (
  `SummonID` int(11) NOT NULL,
  `StudentID` varchar(10) DEFAULT NULL,
  `ViolationID` int(11) DEFAULT NULL,
  `QRCodeID` int(11) DEFAULT NULL,
  `SummonDescription` varchar(255) DEFAULT NULL,
  `SummonDate` date DEFAULT NULL,
  `SummonTime` time DEFAULT NULL,
  `FineAmount` decimal(10,2) DEFAULT NULL,
  `DemeritPointSnapshot` int(11) DEFAULT NULL,
  `EnforcementStatusSnapshot` varchar(100) DEFAULT NULL
) ENGINE=InnoDB DEFAULT CHARSET=utf8mb4 COLLATE=utf8mb4_general_ci;

--
-- Dumping data for table `trafficsummon`
--

INSERT INTO `trafficsummon` (`SummonID`, `StudentID`, `ViolationID`, `QRCodeID`, `SummonDescription`, `SummonDate`, `SummonTime`, `FineAmount`, `DemeritPointSnapshot`, `EnforcementStatusSnapshot`) VALUES
(1, 'CB23067', 1, 1, 'asdd', '2026-01-04', '04:38:00', 50.00, 10, 'Warning given');

-- --------------------------------------------------------

--
-- Table structure for table `vehicle`
--

CREATE TABLE `vehicle` (
  `VehicleID` varchar(10) NOT NULL,
  `StudentID` varchar(10) DEFAULT NULL,
  `VehicleType` varchar(50) DEFAULT NULL,
  `PlateNumber` varchar(20) DEFAULT NULL,
  `VehicleModel` varchar(50) DEFAULT NULL,
  `VehicleColour` varchar(30) DEFAULT NULL,
  `VehicleGrant` blob DEFAULT NULL,
  `VehicleApproval` varchar(20) DEFAULT NULL
) ENGINE=InnoDB DEFAULT CHARSET=utf8mb4 COLLATE=utf8mb4_general_ci;

--
-- Dumping data for table `vehicle`
--

INSERT INTO `vehicle` (`VehicleID`, `StudentID`, `VehicleType`, `PlateNumber`, `VehicleModel`, `VehicleColour`, `VehicleGrant`, `VehicleApproval`) VALUES
('V001', 'CB23067', 'Car', 'JXD2345', 'Proton Saga', 'Silver', 0xffd8ffe000104a46494600010100000100010000ffe201d84943435f50524f46494c45000101000001c800000000043000006d6e74725247422058595a2007e00001000100000000000061637370000000000000000000000000000000000000000000000000000000010000f6d6000100000000d32d0000000000000000000000000000000000000000000000000000000000000000000000000000000000000000000000000000000964657363000000f0000000247258595a00000114000000146758595a00000128000000146258595a0000013c00000014777470740000015000000014725452430000016400000028675452430000016400000028625452430000016400000028637072740000018c0000003c6d6c756300000000000000010000000c656e5553000000080000001c007300520047004258595a200000000000006fa2000038f50000039058595a2000000000000062990000b785000018da58595a2000000000000024a000000f840000b6cf58595a20000000000000f6d6000100000000d32d706172610000000000040000000266660000f2a700000d59000013d000000a5b00000000000000006d6c756300000000000000010000000c656e5553000000200000001c0047006f006f0067006c006500200049006e0063002e00200032003000310036ffdb004300281c1e231e19282321232d2b28303c64413c37373c7b585d4964918099968f808c8aa0b4e6c3a0aadaad8a8cc8ffcbdaeef5ffffff9bc1fffffffaffe6fdfff8ffdb0043012b2d2d3c353c76414176f8a58ca5f8f8f8f8f8f8f8f8f8f8f8f8f8f8f8f8f8f8f8f8f8f8f8f8f8f8f8f8f8f8f8f8f8f8f8f8f8f8f8f8f8f8f8f8f8f8f8f8f8f8ffc0001108017b022403012200021101031101ffc400190001010101010100000000000000000000000102030405ffc4003910000202010303020404040504030100000001021103122131044151136122718191143252a10542d1f01523b1c1e1355362f124333472ffc400160101010100000000000000000000000000000102ffc4001b11010101010101010100000000000000000001112102123141ffda000c03010002110311003f00fae5200aa52142000023442b692b661fc5cfd82aea575cbf086a7e12f9b27fa780555d4fc2fb975794d109f2d8263a039f1edee8da77b70c827b02b200008c0a16e08d9056000007008281c00052008a0000000000000000000000000028000010a00850401c949c02877000000a01000011bf1c86e89c052a90ec1f03b14520040001442a5b92bc9572025c19352e0c31162000ad3a8214cb0148508961ba560cc9ee97d5854bb77dff00d0a888a550e39a6d45a8daa6adfb199f5294d463cf96b937283a526d6aadef6337d738ac639e972a6e51daafc9dce5086a76da6976bb339334b14ea5f12f65c93cdc9d31e827f7f22464a51b468d22dbfd2c5bfd2ccd7b0a098adbfd2c6ffa593626dec456b7fd2c5bf0ccedde8bb016df81bf826dec36f620d5bf1fb8b7e3f733b794cbb7802efe3f716fc7ee4b4b9a42d794116fdbf72dfb7ee635453a6d58d70fd51fb81bbf65f716fdbee654e2dd292b0e704e9c92606adfb0b7ec65e482e6487a90d5a752d5e0746adfb0b7ec4949455c9d233eb63d3ab5ad3c5f60376fd896fca32f2e350d6e6947c886584d5c656bcae0746edfb0b7ec73867c5925a613527e109e7c58e5a6735197863a3a5b25bf26279b1e3928ca54e5c2f274025bf6fb177f3fb1ce39f1cb23c6a5f1ae57833f8ac2f26853b9f85c8ca3adbf3fb0dfcfec707d774d1752ca935ca7d8b1eb304e329426a518f2d762e51df7f3fb137f3fb1cf1f518b24253c72d518f34663d5e19e39648cae11e5aec328edbf9fd85bf3fb1e6ff11e97feea3a4ba8c71c5eaeab8794328e9bf97f62dbf2fec793fc4ba4ff00b9fb1b9f5b831a8b9c9a5256b6e4b9477dfcbfb177f2fec7963fc47a59c94564ddfb1db367860c7ea64751f23074dfcb16fcb3960ea31f51172c6ed2d8ce7eaf174f24b2376f8a28edbf962df9661668bc3eaade3566307578ba8d5e9b6dc7b3183b57bb15f338e0ea61d44a5185fc3c9d8095b77096ddfee508295f3fb92be7f73446e8233b77724be658a7cbbf64fb04af77db846800ee0006ac92546cc4fb023006e0adba2290a65850004431cb7eecd985c2f9b2ac539679a8429bad4eb6e4ea79ba8929bf4e2d4bb4f7dd2f267d5c8d473c36b53c8db78b9ae1b3c99faa9e4cce10a6eeadf9f63db15ffc67bdd354fd8f990c52865c526ef549fd0cf892feadb67e3ac25d4464ad2927dd6cd1ee8e4f5b0eab6e58f7b5dcf245e8c9182bf8ee4d9d7a0fcb92f8f8bfd4586bb74b2d325194ae535a8f59e1c6fd39eb9354dfc72f7ed47b534d5add17c5e2550086918cdabd2968fcd5b1f1e2e93fc4faf19dfe65c23ece4829c1c5ed678bf07d4c538c73dc5fea5745952b0a77d065d399e4d3c4b868efd0e44ba5839cb77e7b99c7d07a7d34f1a97c53e589741aba5585cbe28bd98b839f5527fe21834c9d3fdcb06ffc5a51bf86b8ec6f1f4591e7864cf954b470923a47a592eb1f51a96fb691b070fe1edbeaf3a6db49ec99f44f02e832ac939c33e8d6edd23d3d3e29e28b53c8e6dbe593d651e5fe2ada58e9b5bef4cf34f46b87e19e573bdeee8fa3d574bf8970f8b4e977f33ba518c537a5572c4f52447cbeb37eb60a4a52b8ef18bdd9be961159d358b241a5cc9ec77cfd27add42c8b3689d6c9724c583465ff00f5eb7c696d17783c385bc797d7bd965d32f93ee4ea1fa995e7bd9e5d0be4bb9eefc1e28432c25957c5f14adfe522e97a79e28e38e64d63f8b67fbb2ec463acff00f774bf234ffeb49ffe076c98b0e59e1cd2cabc41a7b364cdd1e1ea334a72c8f54767a5d51362baf56d3e97224d7e567cc8ff00d15fff00d1eac587a54a7187516a51deddedec163e93f092c4b37f94be26ff00e44e0f039b947a75d445ae9d6cabbfb9f4faccb1e9fa17e9d2b551a2cf074cfa7582735a631d49df0bc9ce1d374b9e11c71c8e4b1ee93b4d7fc0b651e0c33c7d3e5e9e78e69b6ab2533bff0010c6b37f10c506e949728f56687459ba6d72945624e9c96db96587a68e4539e47ab14534dbe1761bfd1e079253cdd363c97eae29697fec7db478a70e933e5595b6a7a9456cd3bedb1e85d462dea7694942eb6bf04f5d1f2b37abfe219d605f1354df8476fe112c3f1474d66eedf2cf43fc360ea2799b96b4ea6e9b48ccf1f4919c7a89396394a549b4d6ff0022eecc1e2829beafa8d10c7277bebff63d094974b9f5c611969db43d8e93e9ba2966c919dbc915aa7f2f275c3d1f4eb13f49350c8b7f745d83e6e06fa6c38f3ad4f16455912ecfb335d1ff00d37a93dce5d263e9141dfa4e4e355f7350c1d3c253e9e116ae2a525d9a168f274df86ff0e5eae8d54f9e4e1d3dff0085e7bfcb7b1edfc2f43f88f43d35ea559b593a5cbd36949fa7a941c52ee347870bcab0434e4e9d2adb52dfea5ebdff0099d369a6fdf86cf77f87f4bff662747d261969b8de8fcbec3ea18f97d52cbeae15d4638422e5fc9dcebfc472c659b161ddc6352924acfa197a7c59abd48eaae2c47a7c51cbeaa8fc6fb8d1f3ba2cd1c7d74e2938e3c9bc53546279639bacc9294253824e0b4c6f73eacf0639cd4e51b92e1f818f0e3c57e9c6af91aaf9dd1656fa4cd825f9a0b64f9a3874f0963e9e1d4e24db8b6a6bf523ebfe1f16a72d1bbe5f9351c50845c631a8bec347cffe13252c99e4b86ecfa46218b1e37708a8df8362805c0ec2f6228dd04ae9b55e104af77f4450800080544ec5ee053133466658460060adba22a2762a32c28002073e1b5ee743135ba7f4615257a5d735b1e2845cd3df4c9f0976f63da79b363709eb8f7fefee67dcfeb51cf1e4c6b24a15b354eb8f998cd833c2fd369a7dead7fc1d5bf562b4b51977db932b24f1b6a2dc5463c4bbb3138d3cf87075325a5bdbe5bfdcf4cf4f4d81c2b537f9b4f833f89c99637193abe1f2d7734a34d4ee518bdf4be596dd11462e1af5695c52e133d1d3ead0dcab77d8e09bcf28d717b78fa1ec494524b845f112807d197e86d9405fa31f460405dfc315ecc80053f0c6fe080527d1977f0103cfd5c72e4c73c50c7aa338d6abe1fb9e8fa003c73c199e7f5d463aa125a537be95cfdf730ba6cd6968d965d7bb5557f73de52fd0f1c706659d66718ea949eb57be97efec1f4d91e29e38a8c7d4cadb7ff89ec03e91e1fc1c9b58e6a32c4a6e5b6d49ae12f99dba7c3931bcdea4949caaa5e5255b9e80368f1e3e89ae9e319c9b9c60d455fc29b46574b99f4fe9492e23ce4725b3f15b1eeb03ea8f0cfa19394d466963d3504ff95ddd7c8dcf0f53925396a843543455dd7b9ebb163ea8f17e0a6938a9c650938b69c6b8ff00812e8a6e53ac8b4fc3e9dafcb4ee9fb1edbf90bf90faa3c73e972e66de59c5294a2dc537b5734fdcaba4c91c4f14722d1192963b5c5767ec7aec5af2347965d3649e1cf194e2a795a7b70aa8b9ba5967c8dcf2350d0e292f7e4f4daf2896bca268f2be8e528cdcb22591a5534b86957ee75f4b2470638639a8ca096ed6cebb1dafdc96bc8d1e45d0b7a54f2ba4a5b4556f27b961d366c728ca39a2da8287c51e5267aad7917ee5d57957472d5ea7acfd4d7af8dbc71f21f814a1892c8d383b6ebf32bba67aafdd0b5e4bb4012fdff616bcfec41412ff00ba17fdd14504bf9fd85fcfec0504bf9fd85fcfec51482fe7f61f47f600dd2ff733aa314a53d97645abddf0b8449a7f0ca2aebb0557922a557cf827a8b5e9a75757dafc18d134b4a49a696f7c50d33f52abe1d5ab5590c8d472b6d5c6934da77c859255728aa717254c91c737a6324928a6aef9b0a13924a492518b8da7c8382c938d3934d4a2daa5c131b9a9c1ca6e5ad6e9f6f91638e72a534928c5ab5dc63864d50d7a6a0b6aee178ec6666cccb9458cc7306f42ee06ae869192a2234000811abd8a4031ba75dfb7b8694934d5a66da4d5330d35cdfcd7fb955c3274f6ee2f75f7384a1353d4d352e2eda3dc9df1bfc85fb99be635af0b8eb6949371f09ff43ac30ce6ee5b6f7bff007b9e9bf7293e21acc20a0b6fab656ffe179177effe812af9f934852eedfdcba57bfdc854f608695eff0071a57f6ca009a57f6c694504134a1a5782802695e0ba57828a64c134af029782d0a1814bc0a5e0a0b8894bc0a5e0a06094bc16978006094851400a1401000000005000000000000000010a0140850040d8688d30a003ee5149762c10185c13b05c1452f60460000416c772003446523e022300154a080641514c96c0a080229000238a7db7f288e2ff0057dd1a0159a7fabf61a577dfe6688028c9b2356070cef2270589ad4dbd9f0d570727d5b5072516eb7d32e79aa3d2f9dc6ddd2dbd82b967cba7a694a12a69a56bb6e6566cb8a5284e2a4e29cb9df4f6f99df6f0135b5a5fd023ccfaa9b8b4e318b6934ef6571bfb917572589455397a6db6f9524acf6d2ae17d852be17d80f1fe2258a13b69b8d694eeded6f7353eaa518ce5a6349d47ff002dacf552f0852f0bec41c31f5129e751d2b4b6d27df64bfa9e932aacd15000000000000000000010000000000f0e359f1c71af8b2465f12be62fc3f63dc00f3e0c9925b644f7aa7a6bb6e72cb19bcf92d4f47a90f9556e7b401c3a68ca2a776a2e6dc13e523a26fd692b754a969dbee6c000014000000000000092e0a1f006485a629954040050b81d827b015820b201480a28008291f0523e02202305550c020000a2d8216c00008800502000080a02b1271d4a2e4949f0bb994d55a6a8997047349393e16cd729f9472fc236d3964baaedcd01d8ceb8a9a8b97c4f8470fc24a2b4acb5c37f4379702cb2949b69b4927e02bba957c8d9e27d245ff356dc7dff00a9a87497ce4b8a7c57ba7fec0af5f633932431d6b9257c1c174ad29454da4d25bfeffb6c59f4dae18a3adaf4d55d72447a3ea48e48c9c927bc5d33ceba48f7937bb77dddff004b0ba4aaff003365252aaee883bc32c277a65f73a59e57d1a7071591a4d28bdb9aff00d9db16358934b76db6d951d010a410a44aaca5000140000000000000000000000000000000000000000000003e011f0040102a8c25b009ec0050e4a04280000044523e007c013ee080aaa19132b0000000002a042d8000a44405200050079fa8cd2c49688ea7ccbda3dcc3ead46d3f8b79355e1707aa894bf4afb057965d5269ea8696b8df9f618b2bc8e5b249535f547aa97844714d780bae66f1f0ce6d6974d1bc7c30b5b0514465002d100a01510a01044eef8e4a0140005000000000000000000000000000000000000000000000333571fa9a23e009642a41ec553b05c0a2ae0000080500220290007c01cec159a0681460d2768c9570154001000010b64006810a9800011028000871cd9678a71a86a8d372ae52f2863ea633693e1afcddbfbdc0ea0f2aeadc60e528eade5b2da922fe29a6f672ddd2d9717fd02bd128a92a338d38a699a8494e119ae24acd00438e43692dce7296a03a7c8a718cb4bf63aadf740b14004400000113bbf9940000a0000000000000000000000000000000004bdc3201a044ca000004dfc93e6cd1028993b96800ec10080a000880a0010a46046e9122591225550001934b83269701548d514111086a885100003b94100d02140a00222371524ad6a7c2ee44a2d5a49a39e6c0b34d49ba715f0b5ca7e4cc30e5834fd44da55ecc0eade38ca9e94d914218a0f6a5bb6dee478e4b34b245af8924efb51c574b969de5a6ef8e3703d253961c52c6e6dcb5293b5ec75e530ae7295fc8c95aa7b90341632d3f2f993ea58ad4e901d805b204600000044aaf8e4a00005000000000000000000000000000000000642b3200a4e48e6971b856c1134d5a28400004000028ec10000010000000151f04895f048946800060b1e086970154004403002210ad02a80850214800d22992a20f3f53d44b0ce2a293b8b6efda84bacc714dd3d8eed42525a945bed64d107be88bbf608e3f8b516d4a3fccd2a7e0e98732cc9bd2e2d767f2b37a2376e31bf90f8637c2eec0d128a67d487a7ea6a5a3cf602b56a8e524e2f7e0ec46af90b2b94536cea95209570085ba00088a088a5113bbf9940000028000000000000000000000000000000008c869999b6a3b01252a548e6c301b58cb49d534d5a389a837a904b1d4800640001400008000042854290141f04895f04881406e80128ab8000a0000002204650150869a214010a0000071cd83d5c919ead328af864b94cc2e9f336b5645a6926a36aeb9359fa9f472c31b4be35b37d9fb8fc66349b6a54af7ae6b620c2e9b3a8a4b2ae536db7768de7e95e69c9eaa528e96bcaffd87d6638a9369ad3fbef469f55049da76a5a5aee98473fc366bdf2df9f7e36fdbf722e8f27a6e2f22a71a5e17d0dcbacc71d5b37a79af1cd9726770cca34b4ac6e6df703d00f2fe2d4b8b8f94d5f75fd4eb833acf7516a927bf8607521410400100a01448aabe3776522777ecca0000500000000000000000000000000000000014001ca5169fb13ea756ace6e12bdadaf986a54f65c9d231d3f324634b7e4d04b4042840a400504b25816c80154290001dc150125c12257c122025c80f901540011400400000001408d1410421414010a0626b1b7f1a8eeab7ee83862b51708dbdd268e3d574f2cd38b8b54a2d6fef4667d3669ca4dcd27be9a6f620f4430638c5ad0a56dbb6acae1893a9696e4ed6a3cf2e9f3ce52bc8927e1bf1ff00a3797a79e49e396a571493bf36981d74628b51d304e5c2ae4d3845b4dc536b6dd1e65d3e7d6a4f246d4b556f5c6e8d63e9f2ac8a53c96b56aa4df808ede9435ead2aeaabb1a514b8497c8a00000000080400809514cc555f1c9a00003400000000000000000000000000000000000004290010ac8142900450106c03220170550000014010586c8057c1115f044049720af9015402840000000400004000140c06040521472cb95e39c535507ccbc3f0737d5a58ef47c7a7569bf7a3bca31724e495af24f4f1275a2372f6e48312eab1c5d3be69fb6f459e750cca0d5a69efefd91bf4e16de88efcec5a8cbb45f70384fac8fa770fcce2dabed5e4f52e0e7e9c3f447ec6d045000000000010000044eefe6525140000a00000000000000000000000000000000001001400065a3400c82d0b0a5900280402e00000006ca1a20c8ee022ab4f8328af8220835b80c055000450000000000000010002360504281e7ea304f26584e124b4a769ff0037b333e8e6b52734e4af97b6fe0e99b3ac338a92f85c5b6fc5189f55149a4a49a57ba035871e587ff64f52d35bf93961e9b2e38420f26cb9a74ceb3ea12c539c55b83a69995d5c14139aa7bda5da80e70c79e49d4a49f993dbff00674787369925915c9776f6dc47ab54fd454f5b8a4b949793ae2cab2a6d26a9d34fe56072f4334a4dcb22a7569367a31a9471c549dc9249bf25291021401000414005112abf99489dd940000a0000000000000000000000000000000000000085004280210d11a02000aa1520800a142c9640099792328321507c807c111591007c80f9015500022821400200290002804004000a5325033386373529d5a4d2b7d98d18dbd3a62dd71ec633e2791e36926e33b77e0e51c19f5a9b9d4b8d9f6be083d2f1c5a6b4aa7cfb9978f12696985f08e2f0f52e2af2534b6dfbf9359f04b2ce555528a8df8dc0da8616e9460da3a28a8f0923cbf87cdea6a5349eeaef856558ba9a8dc92a69fe6f15febb907a81cf06378f1283ecdf7f73a01410a10005800000a044aafe6500000000280000000000000000000000000000000010000521400046019002aa93b0400000022be088af8022e43e42e43e5007c12257c110060301550002280008010016c800a08500c85000a429072cf9258de3d2a2d4e5a77ec61f570d2f4dda56db5b2de8ed25075af4f36accac78a3f0e982bede40e2fabd2adab4a5253aed46b3750f1ce2a31d51d3aa4fba47578f1fe88fd8af42dde95b56fe0238beae09ab8cd5ef75dbc998f56ae4e4aa371515de9ae4eee18e2936a292d9593d3c3b7c10f2b60ae31eae94de48d28ab54fddaafd8dfe2e1beceb569bf3fdd9d3d3c6eae117f42fa70fd11dbd8831873c735e94d553dfba675228c57e5497c8a000050290a822277651540800010000500000000000000000000000000000642b23004293b0029072156c80000902ae0a220114080a2c024462c72010ee56640ac88af82200c0602a8214205214084280200502141400040280083cdd5e09e671d35b29277ee4cbd3cf2eb4f4ad7151bbe29f26fa9ea1e071a8a95a6fec665d4ca1adb826a3249d3ecd5d8172609e595b969b8b84b7e63fd4c4fa6c93c118c9c7546973daa8ef8b2acae74b68ba4fcaf27408f3fa59356397c2fd34e29767b2dcce5e9f3658e2f8a11963df6e25b71f23d6008b8dc148400005000502801112abf99489ddec520000a0000000000000000000000000000000023018004012b0a15214508128a008106170040915720aa50a02c8142c3e0850200069f065725644f702b047c80a148508000000000000a400000180292c0125084eb5c53ae2cba23bbd2adf3b14104518c78497c8a00450428000104052002900140001248000000500000000000000058002c9a901419d4bc32ea02802c0002c03325640a15048a10000000800201001d82e4760a2232a1dc03e0857c10a042900af822457c04065f3dc15f20285222840000000000000016bc806c80050a4041cf3659627075f03fccd6ed7d3c1ce5d4e48c26f426e32aa5dd2e5fd8ed36a2e1714edd5f8139686aa2b7bdc2397e27fce9476704ad3f3b76243a99b70d551fcca6aada6bc1d3d587e95a52bba2fab1d3924926e0c2394fa99c3d4f857c1f125faa3f3f25975138e4d2e2ab4bdff00f2abafb1d1e5c694a96ebf32aff523cd1a8d46edefb01c63d64fd0f534a6d3dd25ba8ed6758e59bf5db716b1fe5a5ced674d70d4969fccaee8cc7342a6e9547c7803943a8cae5053514a5172bf6d83ea72528ca2a33b8a978ddf28eef2434ea716d274b632f2c64952be39441cbf1534d5a4d29e99492fe5e13fb88e7cb2c7196cb564d1c76ba3b432465a952f8578ec459a34fe1efb2fa585719f5734a751e24b4d2ddc59a8f532d58b56971947792e14b9474f5a1b5ade93d91659611c4e55c767b6e118e9f34e72d19125351b75c3f0d1e839bcb18f2b6d3aad1239937bed6e93f20750738e68cf8baabb6657511b77b2dabea80ec0e7eafc0e493755b7cc8f3c6da56eb960750705d46c9d6d6d4abb51a9e78c1b524f6dafdc0ea0e4f3a5cc64bb7d4c7e23e1e3e2df6f1b947a087259d6cb4fc4fb263f111ec9bdfb7f7ee0757c1836f8316160004ac2b60148ca0000028280000004b0009650a1512836101d82258554184180ec42a14510214003088ca047c80028521488000a00000011bae009274bdcc8bf7fdc96469a52f3f73462cb17d823451402333928a4e51b57f662549c63a2def449e94e2e4daa7b50928a714f537bd572065cb0b829694ef854552c35c25a9715c8d38a2d3aabd92be0471e35255bbf9f00597a516938abf908bc4e5a555df04ac736e6f6775c851c516a9ab5bf3f4b02b96269dd54767b704bc2de9a8b7c701c3149d36afc5892c49e86b7f67fdf920d6bc7a53db4bdd6c4d786f98fd89a71b50dea3bed7cd9547169daabe610d7893dabec452c17b69fb198ac70bb6e496e8d4a18b526da492a6af9401cf0c77a5befb2e4dea82b5b716d57632e38a30737f952e7d84bd294aa4d5c6be8035e39dda5b71b762de36926a34dd2db9269c3b4697b5333a71c674f76b75ec076514b8497d09a21fa57d891c90704d4957bb2b9c5732480b4aaa90d315c457d89ae3ddae2c8b2c1b7f12d80d698fe95f62688ea94ab77c85922ef7d97732b2464fe1926fc228d52f0828c7f4afb1ce396128a7a92beccbeb4146dfdbb856f4c571157f21a62b84bec4d71b4aff37045923272a7b2efe4236f83025923a1b4ee9a4675c3556a57e02c692b66ea918f531a8a7ab62bc905beae15fd08340c7ab0de9dd723d683e1dfec11b0738e552928f0dab3a01400510a0802c8180a5800a2d808590088308a052000d0b28209643442851195b201017ee0285200280020000046aca00e7b90e8d5982341a8a7c88c7bb341000046670d6926dd721c6da7a9daee5724b9697ccb75cec073782326edcb7dcb1c694f55b6fdcda69f0ef6b16aead5f8039fa11dd272a6edabee3d08d356d5f34752269ab4ed0188e18c78b0f0c5caedf3674236bbb5b1073fc3c2ab7aaaaf634f126edca57ec6b5255badfdcb6972d0473fc3c34e9debfbfea1618da76dd716f83a6a8f95befc8b4fba032b1a51d3bd7833e84134d5edc1d401cd618277bf361e18376ef9ba3a00397a10db9dabbf8e02c11a8a77b2f275006278a3369cb95c11e18376ef676bd99d001ca58a0df75f20b1c53b5d8e8c85573f461efc55df6f058e2827b23611465e28d25baae299160c6b84d6d5767404461e283c6f1d7c2fb11e08e96a3b5d5fb9d410738e28a69bb6fc93d0c7e1fdcea4033e9c3c76687a706f746c01cd628292928eeb866ca4005202813ea0051060001560a040014020000000000010000007f9501400040005500040000000000000004000019c90d5a6ab677b9858a55f14ed9d401ca18651d373b71adcbe9caa6a2eb53bbee8ea40397a524de9955b4f7f622c39145454d6ceecec520e70838c5abbe3961e36e6e56b777fb51d001c7d07493927b69e3b1562945c9a9277bab5dcea0239470d35c52ad8d471e97076be18e9e0e80000000000000000008f921590aa040a80140220000000021400202802068a0a320b40010a50202802000aa81148800000000010772ff37d008bb8fe541771fca80a0003252022a94800a08022820028258b2aa820b2228200282002800014808282002820b08d03365b028200282002820028258b00c846ddfd01554a9194cb64a340962c2283365b0282592c0d03362c0d03362d81a04b1651482c806819b16c0d0258b00096c96c0d1112c2655504b608282587c7d00afb7cc7f37d08df03f98a0bb8fe5417727f2a0340003fffd9, 'Approved'),
('V002', 'CA23011', 'Motorcycle', 'JKL8899', 'Yamaha', 'Black', 0xffd8ffe000104a46494600010100000100010000ffe201d84943435f50524f46494c45000101000001c800000000043000006d6e74725247422058595a2007e00001000100000000000061637370000000000000000000000000000000000000000000000000000000010000f6d6000100000000d32d0000000000000000000000000000000000000000000000000000000000000000000000000000000000000000000000000000000964657363000000f0000000247258595a00000114000000146758595a00000128000000146258595a0000013c00000014777470740000015000000014725452430000016400000028675452430000016400000028625452430000016400000028637072740000018c0000003c6d6c756300000000000000010000000c656e5553000000080000001c007300520047004258595a200000000000006fa2000038f50000039058595a2000000000000062990000b785000018da58595a2000000000000024a000000f840000b6cf58595a20000000000000f6d6000100000000d32d706172610000000000040000000266660000f2a700000d59000013d000000a5b00000000000000006d6c756300000000000000010000000c656e5553000000200000001c0047006f006f0067006c006500200049006e0063002e00200032003000310036ffdb004300281c1e231e19282321232d2b28303c64413c37373c7b585d4964918099968f808c8aa0b4e6c3a0aadaad8a8cc8ffcbdaeef5ffffff9bc1fffffffaffe6fdfff8ffdb0043012b2d2d3c353c76414176f8a58ca5f8f8f8f8f8f8f8f8f8f8f8f8f8f8f8f8f8f8f8f8f8f8f8f8f8f8f8f8f8f8f8f8f8f8f8f8f8f8f8f8f8f8f8f8f8f8f8f8f8f8ffc0001108017b022403012200021101031101ffc400190001010101010100000000000000000000000102030405ffc4003910000202010303020404040504030100000001021103122131044151136122718191143252a10542d1f01523b1c1e1355362f124333472ffc400160101010100000000000000000000000000000102ffc4001b11010101010101010100000000000000000001112102123141ffda000c03010002110311003f00fae5200aa52142000023442b692b661fc5cfd82aea575cbf086a7e12f9b27fa780555d4fc2fb975794d109f2d8263a039f1edee8da77b70c827b02b200008c0a16e08d9056000007008281c00052008a0000000000000000000000000028000010a00850401c949c02877000000a01000011bf1c86e89c052a90ec1f03b14520040001442a5b92bc9572025c19352e0c31162000ad3a8214cb0148508961ba560cc9ee97d5854bb77dff00d0a888a550e39a6d45a8daa6adfb199f5294d463cf96b937283a526d6aadef6337d738ac639e972a6e51daafc9dce5086a76da6976bb339334b14ea5f12f65c93cdc9d31e827f7f22464a51b468d22dbfd2c5bfd2ccd7b0a098adbfd2c6ffa593626dec456b7fd2c5bf0ccedde8bb016df81bf826dec36f620d5bf1fb8b7e3f733b794cbb7802efe3f716fc7ee4b4b9a42d794116fdbf72dfb7ee635453a6d58d70fd51fb81bbf65f716fdbee654e2dd292b0e704e9c92606adfb0b7ec65e482e6487a90d5a752d5e0746adfb0b7ec4949455c9d233eb63d3ab5ad3c5f60376fd896fca32f2e350d6e6947c886584d5c656bcae0746edfb0b7ec73867c5925a613527e109e7c58e5a6735197863a3a5b25bf26279b1e3928ca54e5c2f274025bf6fb177f3fb1ce39f1cb23c6a5f1ae57833f8ac2f26853b9f85c8ca3adbf3fb0dfcfec707d774d1752ca935ca7d8b1eb304e329426a518f2d762e51df7f3fb137f3fb1cf1f518b24253c72d518f34663d5e19e39648cae11e5aec328edbf9fd85bf3fb1e6ff11e97feea3a4ba8c71c5eaeab8794328e9bf97f62dbf2fec793fc4ba4ff00b9fb1b9f5b831a8b9c9a5256b6e4b9477dfcbfb177f2fec7963fc47a59c94564ddfb1db367860c7ea64751f23074dfcb16fcb3960ea31f51172c6ed2d8ce7eaf174f24b2376f8a28edbf962df9661668bc3eaade3566307578ba8d5e9b6dc7b3183b57bb15f338e0ea61d44a5185fc3c9d8095b77096ddfee508295f3fb92be7f73446e8233b77724be658a7cbbf64fb04af77db846800ee0006ac92546cc4fb023006e0adba2290a65850004431cb7eecd985c2f9b2ac539679a8429bad4eb6e4ea79ba8929bf4e2d4bb4f7dd2f267d5c8d473c36b53c8db78b9ae1b3c99faa9e4cce10a6eeadf9f63db15ffc67bdd354fd8f990c52865c526ef549fd0cf892feadb67e3ac25d4464ad2927dd6cd1ee8e4f5b0eab6e58f7b5dcf245e8c9182bf8ee4d9d7a0fcb92f8f8bfd4586bb74b2d325194ae535a8f59e1c6fd39eb9354dfc72f7ed47b534d5add17c5e2550086918cdabd2968fcd5b1f1e2e93fc4faf19dfe65c23ece4829c1c5ed678bf07d4c538c73dc5fea5745952b0a77d065d399e4d3c4b868efd0e44ba5839cb77e7b99c7d07a7d34f1a97c53e589741aba5585cbe28bd98b839f5527fe21834c9d3fdcb06ffc5a51bf86b8ec6f1f4591e7864cf954b470923a47a592eb1f51a96fb691b070fe1edbeaf3a6db49ec99f44f02e832ac939c33e8d6edd23d3d3e29e28b53c8e6dbe593d651e5fe2ada58e9b5bef4cf34f46b87e19e573bdeee8fa3d574bf8970f8b4e977f33ba518c537a5572c4f52447cbeb37eb60a4a52b8ef18bdd9be961159d358b241a5cc9ec77cfd27add42c8b3689d6c9724c583465ff00f5eb7c696d17783c385bc797d7bd965d32f93ee4ea1fa995e7bd9e5d0be4bb9eefc1e28432c25957c5f14adfe522e97a79e28e38e64d63f8b67fbb2ec463acff00f774bf234ffeb49ffe076c98b0e59e1cd2cabc41a7b364cdd1e1ea334a72c8f54767a5d51362baf56d3e97224d7e567cc8ff00d15fff00d1eac587a54a7187516a51deddedec163e93f092c4b37f94be26ff00e44e0f039b947a75d445ae9d6cabbfb9f4faccb1e9fa17e9d2b551a2cf074cfa7582735a631d49df0bc9ce1d374b9e11c71c8e4b1ee93b4d7fc0b651e0c33c7d3e5e9e78e69b6ab2533bff0010c6b37f10c506e949728f56687459ba6d72945624e9c96db96587a68e4539e47ab14534dbe1761bfd1e079253cdd363c97eae29697fec7db478a70e933e5595b6a7a9456cd3bedb1e85d462dea7694942eb6bf04f5d1f2b37abfe219d605f1354df8476fe112c3f1474d66eedf2cf43fc360ea2799b96b4ea6e9b48ccf1f4919c7a89396394a549b4d6ff0022eecc1e2829beafa8d10c7277bebff63d094974b9f5c611969db43d8e93e9ba2966c919dbc915aa7f2f275c3d1f4eb13f49350c8b7f745d83e6e06fa6c38f3ad4f16455912ecfb335d1ff00d37a93dce5d263e9141dfa4e4e355f7350c1d3c253e9e116ae2a525d9a168f274df86ff0e5eae8d54f9e4e1d3dff0085e7bfcb7b1edfc2f43f88f43d35ea559b593a5cbd36949fa7a941c52ee347870bcab0434e4e9d2adb52dfea5ebdff0099d369a6fdf86cf77f87f4bff662747d261969b8de8fcbec3ea18f97d52cbeae15d4638422e5fc9dcebfc472c659b161ddc6352924acfa197a7c59abd48eaae2c47a7c51cbeaa8fc6fb8d1f3ba2cd1c7d74e2938e3c9bc53546279639bacc9294253824e0b4c6f73eacf0639cd4e51b92e1f818f0e3c57e9c6af91aaf9dd1656fa4cd825f9a0b64f9a3874f0963e9e1d4e24db8b6a6bf523ebfe1f16a72d1bbe5f9351c50845c631a8bec347cffe13252c99e4b86ecfa46218b1e37708a8df8362805c0ec2f6228dd04ae9b55e104af77f4450800080544ec5ee053133466658460060adba22a2762a32c28002073e1b5ee743135ba7f4615257a5d735b1e2845cd3df4c9f0976f63da79b363709eb8f7fefee67dcfeb51cf1e4c6b24a15b354eb8f998cd833c2fd369a7dead7fc1d5bf562b4b51977db932b24f1b6a2dc5463c4bbb3138d3cf87075325a5bdbe5bfdcf4cf4f4d81c2b537f9b4f833f89c99637193abe1f2d7734a34d4ee518bdf4be596dd11462e1af5695c52e133d1d3ead0dcab77d8e09bcf28d717b78fa1ec494524b845f112807d197e86d9405fa31f460405dfc315ecc80053f0c6fe080527d1977f0103cfd5c72e4c73c50c7aa338d6abe1fb9e8fa003c73c199e7f5d463aa125a537be95cfdf730ba6cd6968d965d7bb5557f73de52fd0f1c706659d66718ea949eb57be97efec1f4d91e29e38a8c7d4cadb7ff89ec03e91e1fc1c9b58e6a32c4a6e5b6d49ae12f99dba7c3931bcdea4949caaa5e5255b9e80368f1e3e89ae9e319c9b9c60d455fc29b46574b99f4fe9492e23ce4725b3f15b1eeb03ea8f0cfa19394d466963d3504ff95ddd7c8dcf0f53925396a843543455dd7b9ebb163ea8f17e0a6938a9c650938b69c6b8ff00812e8a6e53ac8b4fc3e9dafcb4ee9fb1edbf90bf90faa3c73e972e66de59c5294a2dc537b5734fdcaba4c91c4f14722d1192963b5c5767ec7aec5af2347965d3649e1cf194e2a795a7b70aa8b9ba5967c8dcf2350d0e292f7e4f4daf2896bca268f2be8e528cdcb22591a5534b86957ee75f4b2470638639a8ca096ed6cebb1dafdc96bc8d1e45d0b7a54f2ba4a5b4556f27b961d366c728ca39a2da8287c51e5267aad7917ee5d57957472d5ea7acfd4d7af8dbc71f21f814a1892c8d383b6ebf32bba67aafdd0b5e4bb4012fdff616bcfec41412ff00ba17fdd14504bf9fd85fcfec0504bf9fd85fcfec51482fe7f61f47f600dd2ff733aa314a53d97645abddf0b8449a7f0ca2aebb0557922a557cf827a8b5e9a75757dafc18d134b4a49a696f7c50d33f52abe1d5ab5590c8d472b6d5c6934da77c859255728aa717254c91c737a6324928a6aef9b0a13924a492518b8da7c8382c938d3934d4a2daa5c131b9a9c1ca6e5ad6e9f6f91638e72a534928c5ab5dc63864d50d7a6a0b6aee178ec6666cccb9458cc7306f42ee06ae869192a2234000811abd8a4031ba75dfb7b8694934d5a66da4d5330d35cdfcd7fb955c3274f6ee2f75f7384a1353d4d352e2eda3dc9df1bfc85fb99be635af0b8eb6949371f09ff43ac30ce6ee5b6f7bff007b9e9bf7293e21acc20a0b6fab656ffe179177effe812af9f934852eedfdcba57bfdc854f608695eff0071a57f6ca009a57f6c694504134a1a5782802695e0ba57828a64c134af029782d0a1814bc0a5e0a0b8894bc0a5e0a06094bc16978006094851400a1401000000005000000000000000010a0140850040d8688d30a003ee5149762c10185c13b05c1452f60460000416c772003446523e022300154a080641514c96c0a080229000238a7db7f288e2ff0057dd1a0159a7fabf61a577dfe6688028c9b2356070cef2270589ad4dbd9f0d570727d5b5072516eb7d32e79aa3d2f9dc6ddd2dbd82b967cba7a694a12a69a56bb6e6566cb8a5284e2a4e29cb9df4f6f99df6f0135b5a5fd023ccfaa9b8b4e318b6934ef6571bfb917572589455397a6db6f9524acf6d2ae17d852be17d80f1fe2258a13b69b8d694eeded6f7353eaa518ce5a6349d47ff002dacf552f0852f0bec41c31f5129e751d2b4b6d27df64bfa9e932aacd15000000000000000000010000000000f0e359f1c71af8b2465f12be62fc3f63dc00f3e0c9925b644f7aa7a6bb6e72cb19bcf92d4f47a90f9556e7b401c3a68ca2a776a2e6dc13e523a26fd692b754a969dbee6c000014000000000000092e0a1f006485a629954040050b81d827b015820b201480a28008291f0523e02202305550c020000a2d8216c00008800502000080a02b1271d4a2e4949f0bb994d55a6a8997047349393e16cd729f9472fc236d3964baaedcd01d8ceb8a9a8b97c4f8470fc24a2b4acb5c37f4379702cb2949b69b4927e02bba957c8d9e27d245ff356dc7dff00a9a87497ce4b8a7c57ba7fec0af5f633932431d6b9257c1c174ad29454da4d25bfeffb6c59f4dae18a3adaf4d55d72447a3ea48e48c9c927bc5d33ceba48f7937bb77dddff004b0ba4aaff003365252aaee883bc32c277a65f73a59e57d1a7071591a4d28bdb9aff00d9db16358934b76db6d951d010a410a44aaca5000140000000000000000000000000000000000000000000003e011f0040102a8c25b009ec0050e4a04280000044523e007c013ee080aaa19132b0000000002a042d8000a44405200050079fa8cd2c49688ea7ccbda3dcc3ead46d3f8b79355e1707aa894bf4afb057965d5269ea8696b8df9f618b2bc8e5b249535f547aa97844714d780bae66f1f0ce6d6974d1bc7c30b5b0514465002d100a01510a01044eef8e4a0140005000000000000000000000000000000000000000000000333571fa9a23e009642a41ec553b05c0a2ae0000080500220290007c01cec159a0681460d2768c9570154001000010b64006810a9800011028000871cd9678a71a86a8d372ae52f2863ea633693e1afcddbfbdc0ea0f2aeadc60e528eade5b2da922fe29a6f672ddd2d9717fd02bd128a92a338d38a699a8494e119ae24acd00438e43692dce7296a03a7c8a718cb4bf63aadf740b14004400000113bbf9940000a0000000000000000000000000000000004bdc3201a044ca000004dfc93e6cd1028993b96800ec10080a000880a0010a46046e9122591225550001934b83269701548d514111086a885100003b94100d02140a00222371524ad6a7c2ee44a2d5a49a39e6c0b34d49ba715f0b5ca7e4cc30e5834fd44da55ecc0eade38ca9e94d914218a0f6a5bb6dee478e4b34b245af8924efb51c574b969de5a6ef8e3703d253961c52c6e6dcb5293b5ec75e530ae7295fc8c95aa7b90341632d3f2f993ea58ad4e901d805b204600000044aaf8e4a00005000000000000000000000000000000000642b3200a4e48e6971b856c1134d5a28400004000028ec10000010000000151f04895f048946800060b1e086970154004403002210ad02a80850214800d22992a20f3f53d44b0ce2a293b8b6efda84bacc714dd3d8eed42525a945bed64d107be88bbf608e3f8b516d4a3fccd2a7e0e98732cc9bd2e2d767f2b37a2376e31bf90f8637c2eec0d128a67d487a7ea6a5a3cf602b56a8e524e2f7e0ec46af90b2b94536cea95209570085ba00088a088a5113bbf9940000028000000000000000000000000000000008c869999b6a3b01252a548e6c301b58cb49d534d5a389a837a904b1d4800640001400008000042854290141f04895f04881406e80128ab8000a0000002204650150869a214010a0000071cd83d5c919ead328af864b94cc2e9f336b5645a6926a36aeb9359fa9f472c31b4be35b37d9fb8fc66349b6a54af7ae6b620c2e9b3a8a4b2ae536db7768de7e95e69c9eaa528e96bcaffd87d6638a9369ad3fbef469f55049da76a5a5aee98473fc366bdf2df9f7e36fdbf722e8f27a6e2f22a71a5e17d0dcbacc71d5b37a79af1cd9726770cca34b4ac6e6df703d00f2fe2d4b8b8f94d5f75fd4eb833acf7516a927bf8607521410400100a01448aabe3776522777ecca0000500000000000000000000000000000000014001ca5169fb13ea756ace6e12bdadaf986a54f65c9d231d3f324634b7e4d04b4042840a400504b25816c80154290001dc150125c12257c122025c80f901540011400400000001408d1410421414010a0626b1b7f1a8eeab7ee83862b51708dbdd268e3d574f2cd38b8b54a2d6fef4667d3669ca4dcd27be9a6f620f4430638c5ad0a56dbb6acae1893a9696e4ed6a3cf2e9f3ce52bc8927e1bf1ff00a3797a79e49e396a571493bf36981d74628b51d304e5c2ae4d3845b4dc536b6dd1e65d3e7d6a4f246d4b556f5c6e8d63e9f2ac8a53c96b56aa4df808ede9435ead2aeaabb1a514b8497c8a00000000080400809514cc555f1c9a00003400000000000000000000000000000000000004290010ac8142900450106c03220170550000014010586c8057c1115f044049720af9015402840000000400004000140c06040521472cb95e39c535507ccbc3f0737d5a58ef47c7a7569bf7a3bca31724e495af24f4f1275a2372f6e48312eab1c5d3be69fb6f459e750cca0d5a69efefd91bf4e16de88efcec5a8cbb45f70384fac8fa770fcce2dabed5e4f52e0e7e9c3f447ec6d045000000000010000044eefe6525140000a00000000000000000000000000000000001001400065a3400c82d0b0a5900280402e00000006ca1a20c8ee022ab4f8328af8220835b80c055000450000000000000010002360504281e7ea304f26584e124b4a769ff0037b333e8e6b52734e4af97b6fe0e99b3ac338a92f85c5b6fc5189f55149a4a49a57ba035871e587ff64f52d35bf93961e9b2e38420f26cb9a74ceb3ea12c539c55b83a69995d5c14139aa7bda5da80e70c79e49d4a49f993dbff00674787369925915c9776f6dc47ab54fd454f5b8a4b949793ae2cab2a6d26a9d34fe56072f4334a4dcb22a7569367a31a9471c549dc9249bf25291021401000414005112abf99489dd940000a0000000000000000000000000000000000000085004280210d11a02000aa1520800a142c9640099792328321507c807c111591007c80f9015500022821400200290002804004000a5325033386373529d5a4d2b7d98d18dbd3a62dd71ec633e2791e36926e33b77e0e51c19f5a9b9d4b8d9f6be083d2f1c5a6b4aa7cfb9978f12696985f08e2f0f52e2af2534b6dfbf9359f04b2ce555528a8df8dc0da8616e9460da3a28a8f0923cbf87cdea6a5349eeaef856558ba9a8dc92a69fe6f15febb907a81cf06378f1283ecdf7f73a01410a10005800000a044aafe6500000000280000000000000000000000000000000010000521400046019002aa93b0400000022be088af8022e43e42e43e5007c12257c110060301550002280008010016c800a08500c85000a429072cf9258de3d2a2d4e5a77ec61f570d2f4dda56db5b2de8ed25075af4f36accac78a3f0e982bede40e2fabd2adab4a5253aed46b3750f1ce2a31d51d3aa4fba47578f1fe88fd8af42dde95b56fe0238beae09ab8cd5ef75dbc998f56ae4e4aa371515de9ae4eee18e2936a292d9593d3c3b7c10f2b60ae31eae94de48d28ab54fddaafd8dfe2e1beceb569bf3fdd9d3d3c6eae117f42fa70fd11dbd8831873c735e94d553dfba675228c57e5497c8a000050290a822277651540800010000500000000000000000000000000000642b23004293b0029072156c80000902ae0a220114080a2c024462c72010ee56640ac88af82200c0602a8214205214084280200502141400040280083cdd5e09e671d35b29277ee4cbd3cf2eb4f4ad7151bbe29f26fa9ea1e071a8a95a6fec665d4ca1adb826a3249d3ecd5d8172609e595b969b8b84b7e63fd4c4fa6c93c118c9c7546973daa8ef8b2acae74b68ba4fcaf27408f3fa59356397c2fd34e29767b2dcce5e9f3658e2f8a11963df6e25b71f23d6008b8dc148400005000502801112abf99489ddec520000a0000000000000000000000000000000023018004012b0a15214508128a008106170040915720aa50a02c8142c3e0850200069f065725644f702b047c80a148508000000000000a400000180292c0125084eb5c53ae2cba23bbd2adf3b14104518c78497c8a00450428000104052002900140001248000000500000000000000058002c9a901419d4bc32ea02802c0002c03325640a15048a10000000800201001d82e4760a2232a1dc03e0857c10a042900af822457c04065f3dc15f20285222840000000000000016bc806c80050a4041cf3659627075f03fccd6ed7d3c1ce5d4e48c26f426e32aa5dd2e5fd8ed36a2e1714edd5f8139686aa2b7bdc2397e27fce9476704ad3f3b76243a99b70d551fcca6aada6bc1d3d587e95a52bba2fab1d3924926e0c2394fa99c3d4f857c1f125faa3f3f25975138e4d2e2ab4bdff00f2abafb1d1e5c694a96ebf32aff523cd1a8d46edefb01c63d64fd0f534a6d3dd25ba8ed6758e59bf5db716b1fe5a5ced674d70d4969fccaee8cc7342a6e9547c7803943a8cae5053514a5172bf6d83ea72528ca2a33b8a978ddf28eef2434ea716d274b632f2c64952be39441cbf1534d5a4d29e99492fe5e13fb88e7cb2c7196cb564d1c76ba3b432465a952f8578ec459a34fe1efb2fa585719f5734a751e24b4d2ddc59a8f532d58b56971947792e14b9474f5a1b5ade93d91659611c4e55c767b6e118e9f34e72d19125351b75c3f0d1e839bcb18f2b6d3aad1239937bed6e93f20750738e68cf8baabb6657511b77b2dabea80ec0e7eafc0e493755b7cc8f3c6da56eb960750705d46c9d6d6d4abb51a9e78c1b524f6dafdc0ea0e4f3a5cc64bb7d4c7e23e1e3e2df6f1b947a087259d6cb4fc4fb263f111ec9bdfb7f7ee0757c1836f8316160004ac2b60148ca0000028280000004b0009650a1512836101d82258554184180ec42a14510214003088ca047c80028521488000a00000011bae009274bdcc8bf7fdc96469a52f3f73462cb17d823451402333928a4e51b57f662549c63a2def449e94e2e4daa7b50928a714f537bd572065cb0b829694ef854552c35c25a9715c8d38a2d3aabd92be0471e35255bbf9f00597a516938abf908bc4e5a555df04ac736e6f6775c851c516a9ab5bf3f4b02b96269dd54767b704bc2de9a8b7c701c3149d36afc5892c49e86b7f67fdf920d6bc7a53db4bdd6c4d786f98fd89a71b50dea3bed7cd9547169daabe610d7893dabec452c17b69fb198ac70bb6e496e8d4a18b526da492a6af9401cf0c77a5befb2e4dea82b5b716d57632e38a30737f952e7d84bd294aa4d5c6be8035e39dda5b71b762de36926a34dd2db9269c3b4697b5333a71c674f76b75ec076514b8497d09a21fa57d891c90704d4957bb2b9c5732480b4aaa90d315c457d89ae3ddae2c8b2c1b7f12d80d698fe95f62688ea94ab77c85922ef7d97732b2464fe1926fc228d52f0828c7f4afb1ce396128a7a92beccbeb4146dfdbb856f4c571157f21a62b84bec4d71b4aff37045923272a7b2efe4236f83025923a1b4ee9a4675c3556a57e02c692b66ea918f531a8a7ab62bc905beae15fd08340c7ab0de9dd723d683e1dfec11b0738e552928f0dab3a01400510a0802c8180a5800a2d808590088308a052000d0b28209643442851195b201017ee0285200280020000046aca00e7b90e8d5982341a8a7c88c7bb341000046670d6926dd721c6da7a9daee5724b9697ccb75cec073782326edcb7dcb1c694f55b6fdcda69f0ef6b16aead5f8039fa11dd272a6edabee3d08d356d5f34752269ab4ed0188e18c78b0f0c5caedf3674236bbb5b1073fc3c2ab7aaaaf634f126edca57ec6b5255badfdcb6972d0473fc3c34e9debfbfea1618da76dd716f83a6a8f95befc8b4fba032b1a51d3bd7833e84134d5edc1d401cd618277bf361e18376ef9ba3a00397a10db9dabbf8e02c11a8a77b2f275006278a3369cb95c11e18376ef676bd99d001ca58a0df75f20b1c53b5d8e8c85573f461efc55df6f058e2827b23611465e28d25baae299160c6b84d6d5767404461e283c6f1d7c2fb11e08e96a3b5d5fb9d410738e28a69bb6fc93d0c7e1fdcea4033e9c3c76687a706f746c01cd628292928eeb866ca4005202813ea0051060001560a040014020000000000010000007f9501400040005500040000000000000004000019c90d5a6ab677b9858a55f14ed9d401ca18651d373b71adcbe9caa6a2eb53bbee8ea40397a524de9955b4f7f622c39145454d6ceecec520e70838c5abbe3961e36e6e56b777fb51d001c7d07493927b69e3b1562945c9a9277bab5dcea0239470d35c52ad8d471e97076be18e9e0e80000000000000000008f921590aa040a80140220000000021400202802068a0a320b40010a50202802000aa81148800000000010772ff37d008bb8fe541771fca80a0003252022a94800a08022820028258b2aa820b2228200282002800014808282002820b08d03365b028200282002820028258b00c846ddfd01554a9194cb64a340962c2283365b0282592c0d03362c0d03362d81a04b1651482c806819b16c0d0258b00096c96c0d1112c2655504b608282587c7d00afb7cc7f37d08df03f98a0bb8fe5417727f2a0340003fffd9, 'Pending');
INSERT INTO `vehicle` (`VehicleID`, `StudentID`, `VehicleType`, `PlateNumber`, `VehicleModel`, `VehicleColour`, `VehicleGrant`, `VehicleApproval`) VALUES
('V003', 'CA24011', 'Car', 'BDF7721', 'Perodua Myvi', 'Blue', 0xffd8ffe000104a46494600010100000100010000ffe201d84943435f50524f46494c45000101000001c800000000043000006d6e74725247422058595a2007e00001000100000000000061637370000000000000000000000000000000000000000000000000000000010000f6d6000100000000d32d0000000000000000000000000000000000000000000000000000000000000000000000000000000000000000000000000000000964657363000000f0000000247258595a00000114000000146758595a00000128000000146258595a0000013c00000014777470740000015000000014725452430000016400000028675452430000016400000028625452430000016400000028637072740000018c0000003c6d6c756300000000000000010000000c656e5553000000080000001c007300520047004258595a200000000000006fa2000038f50000039058595a2000000000000062990000b785000018da58595a2000000000000024a000000f840000b6cf58595a20000000000000f6d6000100000000d32d706172610000000000040000000266660000f2a700000d59000013d000000a5b00000000000000006d6c756300000000000000010000000c656e5553000000200000001c0047006f006f0067006c006500200049006e0063002e00200032003000310036ffdb004300281c1e231e19282321232d2b28303c64413c37373c7b585d4964918099968f808c8aa0b4e6c3a0aadaad8a8cc8ffcbdaeef5ffffff9bc1fffffffaffe6fdfff8ffdb0043012b2d2d3c353c76414176f8a58ca5f8f8f8f8f8f8f8f8f8f8f8f8f8f8f8f8f8f8f8f8f8f8f8f8f8f8f8f8f8f8f8f8f8f8f8f8f8f8f8f8f8f8f8f8f8f8f8f8f8f8ffc0001108017b022403012200021101031101ffc400190001010101010100000000000000000000000102030405ffc4003910000202010303020404040504030100000001021103122131044151136122718191143252a10542d1f01523b1c1e1355362f124333472ffc400160101010100000000000000000000000000000102ffc4001b11010101010101010100000000000000000001112102123141ffda000c03010002110311003f00fae5200aa52142000023442b692b661fc5cfd82aea575cbf086a7e12f9b27fa780555d4fc2fb975794d109f2d8263a039f1edee8da77b70c827b02b200008c0a16e08d9056000007008281c00052008a0000000000000000000000000028000010a00850401c949c02877000000a01000011bf1c86e89c052a90ec1f03b14520040001442a5b92bc9572025c19352e0c31162000ad3a8214cb0148508961ba560cc9ee97d5854bb77dff00d0a888a550e39a6d45a8daa6adfb199f5294d463cf96b937283a526d6aadef6337d738ac639e972a6e51daafc9dce5086a76da6976bb339334b14ea5f12f65c93cdc9d31e827f7f22464a51b468d22dbfd2c5bfd2ccd7b0a098adbfd2c6ffa593626dec456b7fd2c5bf0ccedde8bb016df81bf826dec36f620d5bf1fb8b7e3f733b794cbb7802efe3f716fc7ee4b4b9a42d794116fdbf72dfb7ee635453a6d58d70fd51fb81bbf65f716fdbee654e2dd292b0e704e9c92606adfb0b7ec65e482e6487a90d5a752d5e0746adfb0b7ec4949455c9d233eb63d3ab5ad3c5f60376fd896fca32f2e350d6e6947c886584d5c656bcae0746edfb0b7ec73867c5925a613527e109e7c58e5a6735197863a3a5b25bf26279b1e3928ca54e5c2f274025bf6fb177f3fb1ce39f1cb23c6a5f1ae57833f8ac2f26853b9f85c8ca3adbf3fb0dfcfec707d774d1752ca935ca7d8b1eb304e329426a518f2d762e51df7f3fb137f3fb1cf1f518b24253c72d518f34663d5e19e39648cae11e5aec328edbf9fd85bf3fb1e6ff11e97feea3a4ba8c71c5eaeab8794328e9bf97f62dbf2fec793fc4ba4ff00b9fb1b9f5b831a8b9c9a5256b6e4b9477dfcbfb177f2fec7963fc47a59c94564ddfb1db367860c7ea64751f23074dfcb16fcb3960ea31f51172c6ed2d8ce7eaf174f24b2376f8a28edbf962df9661668bc3eaade3566307578ba8d5e9b6dc7b3183b57bb15f338e0ea61d44a5185fc3c9d8095b77096ddfee508295f3fb92be7f73446e8233b77724be658a7cbbf64fb04af77db846800ee0006ac92546cc4fb023006e0adba2290a65850004431cb7eecd985c2f9b2ac539679a8429bad4eb6e4ea79ba8929bf4e2d4bb4f7dd2f267d5c8d473c36b53c8db78b9ae1b3c99faa9e4cce10a6eeadf9f63db15ffc67bdd354fd8f990c52865c526ef549fd0cf892feadb67e3ac25d4464ad2927dd6cd1ee8e4f5b0eab6e58f7b5dcf245e8c9182bf8ee4d9d7a0fcb92f8f8bfd4586bb74b2d325194ae535a8f59e1c6fd39eb9354dfc72f7ed47b534d5add17c5e2550086918cdabd2968fcd5b1f1e2e93fc4faf19dfe65c23ece4829c1c5ed678bf07d4c538c73dc5fea5745952b0a77d065d399e4d3c4b868efd0e44ba5839cb77e7b99c7d07a7d34f1a97c53e589741aba5585cbe28bd98b839f5527fe21834c9d3fdcb06ffc5a51bf86b8ec6f1f4591e7864cf954b470923a47a592eb1f51a96fb691b070fe1edbeaf3a6db49ec99f44f02e832ac939c33e8d6edd23d3d3e29e28b53c8e6dbe593d651e5fe2ada58e9b5bef4cf34f46b87e19e573bdeee8fa3d574bf8970f8b4e977f33ba518c537a5572c4f52447cbeb37eb60a4a52b8ef18bdd9be961159d358b241a5cc9ec77cfd27add42c8b3689d6c9724c583465ff00f5eb7c696d17783c385bc797d7bd965d32f93ee4ea1fa995e7bd9e5d0be4bb9eefc1e28432c25957c5f14adfe522e97a79e28e38e64d63f8b67fbb2ec463acff00f774bf234ffeb49ffe076c98b0e59e1cd2cabc41a7b364cdd1e1ea334a72c8f54767a5d51362baf56d3e97224d7e567cc8ff00d15fff00d1eac587a54a7187516a51deddedec163e93f092c4b37f94be26ff00e44e0f039b947a75d445ae9d6cabbfb9f4faccb1e9fa17e9d2b551a2cf074cfa7582735a631d49df0bc9ce1d374b9e11c71c8e4b1ee93b4d7fc0b651e0c33c7d3e5e9e78e69b6ab2533bff0010c6b37f10c506e949728f56687459ba6d72945624e9c96db96587a68e4539e47ab14534dbe1761bfd1e079253cdd363c97eae29697fec7db478a70e933e5595b6a7a9456cd3bedb1e85d462dea7694942eb6bf04f5d1f2b37abfe219d605f1354df8476fe112c3f1474d66eedf2cf43fc360ea2799b96b4ea6e9b48ccf1f4919c7a89396394a549b4d6ff0022eecc1e2829beafa8d10c7277bebff63d094974b9f5c611969db43d8e93e9ba2966c919dbc915aa7f2f275c3d1f4eb13f49350c8b7f745d83e6e06fa6c38f3ad4f16455912ecfb335d1ff00d37a93dce5d263e9141dfa4e4e355f7350c1d3c253e9e116ae2a525d9a168f274df86ff0e5eae8d54f9e4e1d3dff0085e7bfcb7b1edfc2f43f88f43d35ea559b593a5cbd36949fa7a941c52ee347870bcab0434e4e9d2adb52dfea5ebdff0099d369a6fdf86cf77f87f4bff662747d261969b8de8fcbec3ea18f97d52cbeae15d4638422e5fc9dcebfc472c659b161ddc6352924acfa197a7c59abd48eaae2c47a7c51cbeaa8fc6fb8d1f3ba2cd1c7d74e2938e3c9bc53546279639bacc9294253824e0b4c6f73eacf0639cd4e51b92e1f818f0e3c57e9c6af91aaf9dd1656fa4cd825f9a0b64f9a3874f0963e9e1d4e24db8b6a6bf523ebfe1f16a72d1bbe5f9351c50845c631a8bec347cffe13252c99e4b86ecfa46218b1e37708a8df8362805c0ec2f6228dd04ae9b55e104af77f4450800080544ec5ee053133466658460060adba22a2762a32c28002073e1b5ee743135ba7f4615257a5d735b1e2845cd3df4c9f0976f63da79b363709eb8f7fefee67dcfeb51cf1e4c6b24a15b354eb8f998cd833c2fd369a7dead7fc1d5bf562b4b51977db932b24f1b6a2dc5463c4bbb3138d3cf87075325a5bdbe5bfdcf4cf4f4d81c2b537f9b4f833f89c99637193abe1f2d7734a34d4ee518bdf4be596dd11462e1af5695c52e133d1d3ead0dcab77d8e09bcf28d717b78fa1ec494524b845f112807d197e86d9405fa31f460405dfc315ecc80053f0c6fe080527d1977f0103cfd5c72e4c73c50c7aa338d6abe1fb9e8fa003c73c199e7f5d463aa125a537be95cfdf730ba6cd6968d965d7bb5557f73de52fd0f1c706659d66718ea949eb57be97efec1f4d91e29e38a8c7d4cadb7ff89ec03e91e1fc1c9b58e6a32c4a6e5b6d49ae12f99dba7c3931bcdea4949caaa5e5255b9e80368f1e3e89ae9e319c9b9c60d455fc29b46574b99f4fe9492e23ce4725b3f15b1eeb03ea8f0cfa19394d466963d3504ff95ddd7c8dcf0f53925396a843543455dd7b9ebb163ea8f17e0a6938a9c650938b69c6b8ff00812e8a6e53ac8b4fc3e9dafcb4ee9fb1edbf90bf90faa3c73e972e66de59c5294a2dc537b5734fdcaba4c91c4f14722d1192963b5c5767ec7aec5af2347965d3649e1cf194e2a795a7b70aa8b9ba5967c8dcf2350d0e292f7e4f4daf2896bca268f2be8e528cdcb22591a5534b86957ee75f4b2470638639a8ca096ed6cebb1dafdc96bc8d1e45d0b7a54f2ba4a5b4556f27b961d366c728ca39a2da8287c51e5267aad7917ee5d57957472d5ea7acfd4d7af8dbc71f21f814a1892c8d383b6ebf32bba67aafdd0b5e4bb4012fdff616bcfec41412ff00ba17fdd14504bf9fd85fcfec0504bf9fd85fcfec51482fe7f61f47f600dd2ff733aa314a53d97645abddf0b8449a7f0ca2aebb0557922a557cf827a8b5e9a75757dafc18d134b4a49a696f7c50d33f52abe1d5ab5590c8d472b6d5c6934da77c859255728aa717254c91c737a6324928a6aef9b0a13924a492518b8da7c8382c938d3934d4a2daa5c131b9a9c1ca6e5ad6e9f6f91638e72a534928c5ab5dc63864d50d7a6a0b6aee178ec6666cccb9458cc7306f42ee06ae869192a2234000811abd8a4031ba75dfb7b8694934d5a66da4d5330d35cdfcd7fb955c3274f6ee2f75f7384a1353d4d352e2eda3dc9df1bfc85fb99be635af0b8eb6949371f09ff43ac30ce6ee5b6f7bff007b9e9bf7293e21acc20a0b6fab656ffe179177effe812af9f934852eedfdcba57bfdc854f608695eff0071a57f6ca009a57f6c694504134a1a5782802695e0ba57828a64c134af029782d0a1814bc0a5e0a0b8894bc0a5e0a06094bc16978006094851400a1401000000005000000000000000010a0140850040d8688d30a003ee5149762c10185c13b05c1452f60460000416c772003446523e022300154a080641514c96c0a080229000238a7db7f288e2ff0057dd1a0159a7fabf61a577dfe6688028c9b2356070cef2270589ad4dbd9f0d570727d5b5072516eb7d32e79aa3d2f9dc6ddd2dbd82b967cba7a694a12a69a56bb6e6566cb8a5284e2a4e29cb9df4f6f99df6f0135b5a5fd023ccfaa9b8b4e318b6934ef6571bfb917572589455397a6db6f9524acf6d2ae17d852be17d80f1fe2258a13b69b8d694eeded6f7353eaa518ce5a6349d47ff002dacf552f0852f0bec41c31f5129e751d2b4b6d27df64bfa9e932aacd15000000000000000000010000000000f0e359f1c71af8b2465f12be62fc3f63dc00f3e0c9925b644f7aa7a6bb6e72cb19bcf92d4f47a90f9556e7b401c3a68ca2a776a2e6dc13e523a26fd692b754a969dbee6c000014000000000000092e0a1f006485a629954040050b81d827b015820b201480a28008291f0523e02202305550c020000a2d8216c00008800502000080a02b1271d4a2e4949f0bb994d55a6a8997047349393e16cd729f9472fc236d3964baaedcd01d8ceb8a9a8b97c4f8470fc24a2b4acb5c37f4379702cb2949b69b4927e02bba957c8d9e27d245ff356dc7dff00a9a87497ce4b8a7c57ba7fec0af5f633932431d6b9257c1c174ad29454da4d25bfeffb6c59f4dae18a3adaf4d55d72447a3ea48e48c9c927bc5d33ceba48f7937bb77dddff004b0ba4aaff003365252aaee883bc32c277a65f73a59e57d1a7071591a4d28bdb9aff00d9db16358934b76db6d951d010a410a44aaca5000140000000000000000000000000000000000000000000003e011f0040102a8c25b009ec0050e4a04280000044523e007c013ee080aaa19132b0000000002a042d8000a44405200050079fa8cd2c49688ea7ccbda3dcc3ead46d3f8b79355e1707aa894bf4afb057965d5269ea8696b8df9f618b2bc8e5b249535f547aa97844714d780bae66f1f0ce6d6974d1bc7c30b5b0514465002d100a01510a01044eef8e4a0140005000000000000000000000000000000000000000000000333571fa9a23e009642a41ec553b05c0a2ae0000080500220290007c01cec159a0681460d2768c9570154001000010b64006810a9800011028000871cd9678a71a86a8d372ae52f2863ea633693e1afcddbfbdc0ea0f2aeadc60e528eade5b2da922fe29a6f672ddd2d9717fd02bd128a92a338d38a699a8494e119ae24acd00438e43692dce7296a03a7c8a718cb4bf63aadf740b14004400000113bbf9940000a0000000000000000000000000000000004bdc3201a044ca000004dfc93e6cd1028993b96800ec10080a000880a0010a46046e9122591225550001934b83269701548d514111086a885100003b94100d02140a00222371524ad6a7c2ee44a2d5a49a39e6c0b34d49ba715f0b5ca7e4cc30e5834fd44da55ecc0eade38ca9e94d914218a0f6a5bb6dee478e4b34b245af8924efb51c574b969de5a6ef8e3703d253961c52c6e6dcb5293b5ec75e530ae7295fc8c95aa7b90341632d3f2f993ea58ad4e901d805b204600000044aaf8e4a00005000000000000000000000000000000000642b3200a4e48e6971b856c1134d5a28400004000028ec10000010000000151f04895f048946800060b1e086970154004403002210ad02a80850214800d22992a20f3f53d44b0ce2a293b8b6efda84bacc714dd3d8eed42525a945bed64d107be88bbf608e3f8b516d4a3fccd2a7e0e98732cc9bd2e2d767f2b37a2376e31bf90f8637c2eec0d128a67d487a7ea6a5a3cf602b56a8e524e2f7e0ec46af90b2b94536cea95209570085ba00088a088a5113bbf9940000028000000000000000000000000000000008c869999b6a3b01252a548e6c301b58cb49d534d5a389a837a904b1d4800640001400008000042854290141f04895f04881406e80128ab8000a0000002204650150869a214010a0000071cd83d5c919ead328af864b94cc2e9f336b5645a6926a36aeb9359fa9f472c31b4be35b37d9fb8fc66349b6a54af7ae6b620c2e9b3a8a4b2ae536db7768de7e95e69c9eaa528e96bcaffd87d6638a9369ad3fbef469f55049da76a5a5aee98473fc366bdf2df9f7e36fdbf722e8f27a6e2f22a71a5e17d0dcbacc71d5b37a79af1cd9726770cca34b4ac6e6df703d00f2fe2d4b8b8f94d5f75fd4eb833acf7516a927bf8607521410400100a01448aabe3776522777ecca0000500000000000000000000000000000000014001ca5169fb13ea756ace6e12bdadaf986a54f65c9d231d3f324634b7e4d04b4042840a400504b25816c80154290001dc150125c12257c122025c80f901540011400400000001408d1410421414010a0626b1b7f1a8eeab7ee83862b51708dbdd268e3d574f2cd38b8b54a2d6fef4667d3669ca4dcd27be9a6f620f4430638c5ad0a56dbb6acae1893a9696e4ed6a3cf2e9f3ce52bc8927e1bf1ff00a3797a79e49e396a571493bf36981d74628b51d304e5c2ae4d3845b4dc536b6dd1e65d3e7d6a4f246d4b556f5c6e8d63e9f2ac8a53c96b56aa4df808ede9435ead2aeaabb1a514b8497c8a00000000080400809514cc555f1c9a00003400000000000000000000000000000000000004290010ac8142900450106c03220170550000014010586c8057c1115f044049720af9015402840000000400004000140c06040521472cb95e39c535507ccbc3f0737d5a58ef47c7a7569bf7a3bca31724e495af24f4f1275a2372f6e48312eab1c5d3be69fb6f459e750cca0d5a69efefd91bf4e16de88efcec5a8cbb45f70384fac8fa770fcce2dabed5e4f52e0e7e9c3f447ec6d045000000000010000044eefe6525140000a00000000000000000000000000000000001001400065a3400c82d0b0a5900280402e00000006ca1a20c8ee022ab4f8328af8220835b80c055000450000000000000010002360504281e7ea304f26584e124b4a769ff0037b333e8e6b52734e4af97b6fe0e99b3ac338a92f85c5b6fc5189f55149a4a49a57ba035871e587ff64f52d35bf93961e9b2e38420f26cb9a74ceb3ea12c539c55b83a69995d5c14139aa7bda5da80e70c79e49d4a49f993dbff00674787369925915c9776f6dc47ab54fd454f5b8a4b949793ae2cab2a6d26a9d34fe56072f4334a4dcb22a7569367a31a9471c549dc9249bf25291021401000414005112abf99489dd940000a0000000000000000000000000000000000000085004280210d11a02000aa1520800a142c9640099792328321507c807c111591007c80f9015500022821400200290002804004000a5325033386373529d5a4d2b7d98d18dbd3a62dd71ec633e2791e36926e33b77e0e51c19f5a9b9d4b8d9f6be083d2f1c5a6b4aa7cfb9978f12696985f08e2f0f52e2af2534b6dfbf9359f04b2ce555528a8df8dc0da8616e9460da3a28a8f0923cbf87cdea6a5349eeaef856558ba9a8dc92a69fe6f15febb907a81cf06378f1283ecdf7f73a01410a10005800000a044aafe6500000000280000000000000000000000000000000010000521400046019002aa93b0400000022be088af8022e43e42e43e5007c12257c110060301550002280008010016c800a08500c85000a429072cf9258de3d2a2d4e5a77ec61f570d2f4dda56db5b2de8ed25075af4f36accac78a3f0e982bede40e2fabd2adab4a5253aed46b3750f1ce2a31d51d3aa4fba47578f1fe88fd8af42dde95b56fe0238beae09ab8cd5ef75dbc998f56ae4e4aa371515de9ae4eee18e2936a292d9593d3c3b7c10f2b60ae31eae94de48d28ab54fddaafd8dfe2e1beceb569bf3fdd9d3d3c6eae117f42fa70fd11dbd8831873c735e94d553dfba675228c57e5497c8a000050290a822277651540800010000500000000000000000000000000000642b23004293b0029072156c80000902ae0a220114080a2c024462c72010ee56640ac88af82200c0602a8214205214084280200502141400040280083cdd5e09e671d35b29277ee4cbd3cf2eb4f4ad7151bbe29f26fa9ea1e071a8a95a6fec665d4ca1adb826a3249d3ecd5d8172609e595b969b8b84b7e63fd4c4fa6c93c118c9c7546973daa8ef8b2acae74b68ba4fcaf27408f3fa59356397c2fd34e29767b2dcce5e9f3658e2f8a11963df6e25b71f23d6008b8dc148400005000502801112abf99489ddec520000a0000000000000000000000000000000023018004012b0a15214508128a008106170040915720aa50a02c8142c3e0850200069f065725644f702b047c80a148508000000000000a400000180292c0125084eb5c53ae2cba23bbd2adf3b14104518c78497c8a00450428000104052002900140001248000000500000000000000058002c9a901419d4bc32ea02802c0002c03325640a15048a10000000800201001d82e4760a2232a1dc03e0857c10a042900af822457c04065f3dc15f20285222840000000000000016bc806c80050a4041cf3659627075f03fccd6ed7d3c1ce5d4e48c26f426e32aa5dd2e5fd8ed36a2e1714edd5f8139686aa2b7bdc2397e27fce9476704ad3f3b76243a99b70d551fcca6aada6bc1d3d587e95a52bba2fab1d3924926e0c2394fa99c3d4f857c1f125faa3f3f25975138e4d2e2ab4bdff00f2abafb1d1e5c694a96ebf32aff523cd1a8d46edefb01c63d64fd0f534a6d3dd25ba8ed6758e59bf5db716b1fe5a5ced674d70d4969fccaee8cc7342a6e9547c7803943a8cae5053514a5172bf6d83ea72528ca2a33b8a978ddf28eef2434ea716d274b632f2c64952be39441cbf1534d5a4d29e99492fe5e13fb88e7cb2c7196cb564d1c76ba3b432465a952f8578ec459a34fe1efb2fa585719f5734a751e24b4d2ddc59a8f532d58b56971947792e14b9474f5a1b5ade93d91659611c4e55c767b6e118e9f34e72d19125351b75c3f0d1e839bcb18f2b6d3aad1239937bed6e93f20750738e68cf8baabb6657511b77b2dabea80ec0e7eafc0e493755b7cc8f3c6da56eb960750705d46c9d6d6d4abb51a9e78c1b524f6dafdc0ea0e4f3a5cc64bb7d4c7e23e1e3e2df6f1b947a087259d6cb4fc4fb263f111ec9bdfb7f7ee0757c1836f8316160004ac2b60148ca0000028280000004b0009650a1512836101d82258554184180ec42a14510214003088ca047c80028521488000a00000011bae009274bdcc8bf7fdc96469a52f3f73462cb17d823451402333928a4e51b57f662549c63a2def449e94e2e4daa7b50928a714f537bd572065cb0b829694ef854552c35c25a9715c8d38a2d3aabd92be0471e35255bbf9f00597a516938abf908bc4e5a555df04ac736e6f6775c851c516a9ab5bf3f4b02b96269dd54767b704bc2de9a8b7c701c3149d36afc5892c49e86b7f67fdf920d6bc7a53db4bdd6c4d786f98fd89a71b50dea3bed7cd9547169daabe610d7893dabec452c17b69fb198ac70bb6e496e8d4a18b526da492a6af9401cf0c77a5befb2e4dea82b5b716d57632e38a30737f952e7d84bd294aa4d5c6be8035e39dda5b71b762de36926a34dd2db9269c3b4697b5333a71c674f76b75ec076514b8497d09a21fa57d891c90704d4957bb2b9c5732480b4aaa90d315c457d89ae3ddae2c8b2c1b7f12d80d698fe95f62688ea94ab77c85922ef7d97732b2464fe1926fc228d52f0828c7f4afb1ce396128a7a92beccbeb4146dfdbb856f4c571157f21a62b84bec4d71b4aff37045923272a7b2efe4236f83025923a1b4ee9a4675c3556a57e02c692b66ea918f531a8a7ab62bc905beae15fd08340c7ab0de9dd723d683e1dfec11b0738e552928f0dab3a01400510a0802c8180a5800a2d808590088308a052000d0b28209643442851195b201017ee0285200280020000046aca00e7b90e8d5982341a8a7c88c7bb341000046670d6926dd721c6da7a9daee5724b9697ccb75cec073782326edcb7dcb1c694f55b6fdcda69f0ef6b16aead5f8039fa11dd272a6edabee3d08d356d5f34752269ab4ed0188e18c78b0f0c5caedf3674236bbb5b1073fc3c2ab7aaaaf634f126edca57ec6b5255badfdcb6972d0473fc3c34e9debfbfea1618da76dd716f83a6a8f95befc8b4fba032b1a51d3bd7833e84134d5edc1d401cd618277bf361e18376ef9ba3a00397a10db9dabbf8e02c11a8a77b2f275006278a3369cb95c11e18376ef676bd99d001ca58a0df75f20b1c53b5d8e8c85573f461efc55df6f058e2827b23611465e28d25baae299160c6b84d6d5767404461e283c6f1d7c2fb11e08e96a3b5d5fb9d410738e28a69bb6fc93d0c7e1fdcea4033e9c3c76687a706f746c01cd628292928eeb866ca4005202813ea0051060001560a040014020000000000010000007f9501400040005500040000000000000004000019c90d5a6ab677b9858a55f14ed9d401ca18651d373b71adcbe9caa6a2eb53bbee8ea40397a524de9955b4f7f622c39145454d6ceecec520e70838c5abbe3961e36e6e56b777fb51d001c7d07493927b69e3b1562945c9a9277bab5dcea0239470d35c52ad8d471e97076be18e9e0e80000000000000000008f921590aa040a80140220000000021400202802068a0a320b40010a50202802000aa81148800000000010772ff37d008bb8fe541771fca80a0003252022a94800a08022820028258b2aa820b2228200282002800014808282002820b08d03365b028200282002820028258b00c846ddfd01554a9194cb64a340962c2283365b0282592c0d03362c0d03362d81a04b1651482c806819b16c0d0258b00096c96c0d1112c2655504b608282587c7d00afb7cc7f37d08df03f98a0bb8fe5417727f2a0340003fffd9, 'Rejected'),
('V004', 'CA24089', 'Motorcycle', 'KAA1234', 'Honda', 'White', 0xffd8ffe000104a46494600010100000100010000ffe201d84943435f50524f46494c45000101000001c800000000043000006d6e74725247422058595a2007e00001000100000000000061637370000000000000000000000000000000000000000000000000000000010000f6d6000100000000d32d0000000000000000000000000000000000000000000000000000000000000000000000000000000000000000000000000000000964657363000000f0000000247258595a00000114000000146758595a00000128000000146258595a0000013c00000014777470740000015000000014725452430000016400000028675452430000016400000028625452430000016400000028637072740000018c0000003c6d6c756300000000000000010000000c656e5553000000080000001c007300520047004258595a200000000000006fa2000038f50000039058595a2000000000000062990000b785000018da58595a2000000000000024a000000f840000b6cf58595a20000000000000f6d6000100000000d32d706172610000000000040000000266660000f2a700000d59000013d000000a5b00000000000000006d6c756300000000000000010000000c656e5553000000200000001c0047006f006f0067006c006500200049006e0063002e00200032003000310036ffdb004300281c1e231e19282321232d2b28303c64413c37373c7b585d4964918099968f808c8aa0b4e6c3a0aadaad8a8cc8ffcbdaeef5ffffff9bc1fffffffaffe6fdfff8ffdb0043012b2d2d3c353c76414176f8a58ca5f8f8f8f8f8f8f8f8f8f8f8f8f8f8f8f8f8f8f8f8f8f8f8f8f8f8f8f8f8f8f8f8f8f8f8f8f8f8f8f8f8f8f8f8f8f8f8f8f8f8ffc0001108017b022403012200021101031101ffc400190001010101010100000000000000000000000102030405ffc4003910000202010303020404040504030100000001021103122131044151136122718191143252a10542d1f01523b1c1e1355362f124333472ffc400160101010100000000000000000000000000000102ffc4001b11010101010101010100000000000000000001112102123141ffda000c03010002110311003f00fae5200aa52142000023442b692b661fc5cfd82aea575cbf086a7e12f9b27fa780555d4fc2fb975794d109f2d8263a039f1edee8da77b70c827b02b200008c0a16e08d9056000007008281c00052008a0000000000000000000000000028000010a00850401c949c02877000000a01000011bf1c86e89c052a90ec1f03b14520040001442a5b92bc9572025c19352e0c31162000ad3a8214cb0148508961ba560cc9ee97d5854bb77dff00d0a888a550e39a6d45a8daa6adfb199f5294d463cf96b937283a526d6aadef6337d738ac639e972a6e51daafc9dce5086a76da6976bb339334b14ea5f12f65c93cdc9d31e827f7f22464a51b468d22dbfd2c5bfd2ccd7b0a098adbfd2c6ffa593626dec456b7fd2c5bf0ccedde8bb016df81bf826dec36f620d5bf1fb8b7e3f733b794cbb7802efe3f716fc7ee4b4b9a42d794116fdbf72dfb7ee635453a6d58d70fd51fb81bbf65f716fdbee654e2dd292b0e704e9c92606adfb0b7ec65e482e6487a90d5a752d5e0746adfb0b7ec4949455c9d233eb63d3ab5ad3c5f60376fd896fca32f2e350d6e6947c886584d5c656bcae0746edfb0b7ec73867c5925a613527e109e7c58e5a6735197863a3a5b25bf26279b1e3928ca54e5c2f274025bf6fb177f3fb1ce39f1cb23c6a5f1ae57833f8ac2f26853b9f85c8ca3adbf3fb0dfcfec707d774d1752ca935ca7d8b1eb304e329426a518f2d762e51df7f3fb137f3fb1cf1f518b24253c72d518f34663d5e19e39648cae11e5aec328edbf9fd85bf3fb1e6ff11e97feea3a4ba8c71c5eaeab8794328e9bf97f62dbf2fec793fc4ba4ff00b9fb1b9f5b831a8b9c9a5256b6e4b9477dfcbfb177f2fec7963fc47a59c94564ddfb1db367860c7ea64751f23074dfcb16fcb3960ea31f51172c6ed2d8ce7eaf174f24b2376f8a28edbf962df9661668bc3eaade3566307578ba8d5e9b6dc7b3183b57bb15f338e0ea61d44a5185fc3c9d8095b77096ddfee508295f3fb92be7f73446e8233b77724be658a7cbbf64fb04af77db846800ee0006ac92546cc4fb023006e0adba2290a65850004431cb7eecd985c2f9b2ac539679a8429bad4eb6e4ea79ba8929bf4e2d4bb4f7dd2f267d5c8d473c36b53c8db78b9ae1b3c99faa9e4cce10a6eeadf9f63db15ffc67bdd354fd8f990c52865c526ef549fd0cf892feadb67e3ac25d4464ad2927dd6cd1ee8e4f5b0eab6e58f7b5dcf245e8c9182bf8ee4d9d7a0fcb92f8f8bfd4586bb74b2d325194ae535a8f59e1c6fd39eb9354dfc72f7ed47b534d5add17c5e2550086918cdabd2968fcd5b1f1e2e93fc4faf19dfe65c23ece4829c1c5ed678bf07d4c538c73dc5fea5745952b0a77d065d399e4d3c4b868efd0e44ba5839cb77e7b99c7d07a7d34f1a97c53e589741aba5585cbe28bd98b839f5527fe21834c9d3fdcb06ffc5a51bf86b8ec6f1f4591e7864cf954b470923a47a592eb1f51a96fb691b070fe1edbeaf3a6db49ec99f44f02e832ac939c33e8d6edd23d3d3e29e28b53c8e6dbe593d651e5fe2ada58e9b5bef4cf34f46b87e19e573bdeee8fa3d574bf8970f8b4e977f33ba518c537a5572c4f52447cbeb37eb60a4a52b8ef18bdd9be961159d358b241a5cc9ec77cfd27add42c8b3689d6c9724c583465ff00f5eb7c696d17783c385bc797d7bd965d32f93ee4ea1fa995e7bd9e5d0be4bb9eefc1e28432c25957c5f14adfe522e97a79e28e38e64d63f8b67fbb2ec463acff00f774bf234ffeb49ffe076c98b0e59e1cd2cabc41a7b364cdd1e1ea334a72c8f54767a5d51362baf56d3e97224d7e567cc8ff00d15fff00d1eac587a54a7187516a51deddedec163e93f092c4b37f94be26ff00e44e0f039b947a75d445ae9d6cabbfb9f4faccb1e9fa17e9d2b551a2cf074cfa7582735a631d49df0bc9ce1d374b9e11c71c8e4b1ee93b4d7fc0b651e0c33c7d3e5e9e78e69b6ab2533bff0010c6b37f10c506e949728f56687459ba6d72945624e9c96db96587a68e4539e47ab14534dbe1761bfd1e079253cdd363c97eae29697fec7db478a70e933e5595b6a7a9456cd3bedb1e85d462dea7694942eb6bf04f5d1f2b37abfe219d605f1354df8476fe112c3f1474d66eedf2cf43fc360ea2799b96b4ea6e9b48ccf1f4919c7a89396394a549b4d6ff0022eecc1e2829beafa8d10c7277bebff63d094974b9f5c611969db43d8e93e9ba2966c919dbc915aa7f2f275c3d1f4eb13f49350c8b7f745d83e6e06fa6c38f3ad4f16455912ecfb335d1ff00d37a93dce5d263e9141dfa4e4e355f7350c1d3c253e9e116ae2a525d9a168f274df86ff0e5eae8d54f9e4e1d3dff0085e7bfcb7b1edfc2f43f88f43d35ea559b593a5cbd36949fa7a941c52ee347870bcab0434e4e9d2adb52dfea5ebdff0099d369a6fdf86cf77f87f4bff662747d261969b8de8fcbec3ea18f97d52cbeae15d4638422e5fc9dcebfc472c659b161ddc6352924acfa197a7c59abd48eaae2c47a7c51cbeaa8fc6fb8d1f3ba2cd1c7d74e2938e3c9bc53546279639bacc9294253824e0b4c6f73eacf0639cd4e51b92e1f818f0e3c57e9c6af91aaf9dd1656fa4cd825f9a0b64f9a3874f0963e9e1d4e24db8b6a6bf523ebfe1f16a72d1bbe5f9351c50845c631a8bec347cffe13252c99e4b86ecfa46218b1e37708a8df8362805c0ec2f6228dd04ae9b55e104af77f4450800080544ec5ee053133466658460060adba22a2762a32c28002073e1b5ee743135ba7f4615257a5d735b1e2845cd3df4c9f0976f63da79b363709eb8f7fefee67dcfeb51cf1e4c6b24a15b354eb8f998cd833c2fd369a7dead7fc1d5bf562b4b51977db932b24f1b6a2dc5463c4bbb3138d3cf87075325a5bdbe5bfdcf4cf4f4d81c2b537f9b4f833f89c99637193abe1f2d7734a34d4ee518bdf4be596dd11462e1af5695c52e133d1d3ead0dcab77d8e09bcf28d717b78fa1ec494524b845f112807d197e86d9405fa31f460405dfc315ecc80053f0c6fe080527d1977f0103cfd5c72e4c73c50c7aa338d6abe1fb9e8fa003c73c199e7f5d463aa125a537be95cfdf730ba6cd6968d965d7bb5557f73de52fd0f1c706659d66718ea949eb57be97efec1f4d91e29e38a8c7d4cadb7ff89ec03e91e1fc1c9b58e6a32c4a6e5b6d49ae12f99dba7c3931bcdea4949caaa5e5255b9e80368f1e3e89ae9e319c9b9c60d455fc29b46574b99f4fe9492e23ce4725b3f15b1eeb03ea8f0cfa19394d466963d3504ff95ddd7c8dcf0f53925396a843543455dd7b9ebb163ea8f17e0a6938a9c650938b69c6b8ff00812e8a6e53ac8b4fc3e9dafcb4ee9fb1edbf90bf90faa3c73e972e66de59c5294a2dc537b5734fdcaba4c91c4f14722d1192963b5c5767ec7aec5af2347965d3649e1cf194e2a795a7b70aa8b9ba5967c8dcf2350d0e292f7e4f4daf2896bca268f2be8e528cdcb22591a5534b86957ee75f4b2470638639a8ca096ed6cebb1dafdc96bc8d1e45d0b7a54f2ba4a5b4556f27b961d366c728ca39a2da8287c51e5267aad7917ee5d57957472d5ea7acfd4d7af8dbc71f21f814a1892c8d383b6ebf32bba67aafdd0b5e4bb4012fdff616bcfec41412ff00ba17fdd14504bf9fd85fcfec0504bf9fd85fcfec51482fe7f61f47f600dd2ff733aa314a53d97645abddf0b8449a7f0ca2aebb0557922a557cf827a8b5e9a75757dafc18d134b4a49a696f7c50d33f52abe1d5ab5590c8d472b6d5c6934da77c859255728aa717254c91c737a6324928a6aef9b0a13924a492518b8da7c8382c938d3934d4a2daa5c131b9a9c1ca6e5ad6e9f6f91638e72a534928c5ab5dc63864d50d7a6a0b6aee178ec6666cccb9458cc7306f42ee06ae869192a2234000811abd8a4031ba75dfb7b8694934d5a66da4d5330d35cdfcd7fb955c3274f6ee2f75f7384a1353d4d352e2eda3dc9df1bfc85fb99be635af0b8eb6949371f09ff43ac30ce6ee5b6f7bff007b9e9bf7293e21acc20a0b6fab656ffe179177effe812af9f934852eedfdcba57bfdc854f608695eff0071a57f6ca009a57f6c694504134a1a5782802695e0ba57828a64c134af029782d0a1814bc0a5e0a0b8894bc0a5e0a06094bc16978006094851400a1401000000005000000000000000010a0140850040d8688d30a003ee5149762c10185c13b05c1452f60460000416c772003446523e022300154a080641514c96c0a080229000238a7db7f288e2ff0057dd1a0159a7fabf61a577dfe6688028c9b2356070cef2270589ad4dbd9f0d570727d5b5072516eb7d32e79aa3d2f9dc6ddd2dbd82b967cba7a694a12a69a56bb6e6566cb8a5284e2a4e29cb9df4f6f99df6f0135b5a5fd023ccfaa9b8b4e318b6934ef6571bfb917572589455397a6db6f9524acf6d2ae17d852be17d80f1fe2258a13b69b8d694eeded6f7353eaa518ce5a6349d47ff002dacf552f0852f0bec41c31f5129e751d2b4b6d27df64bfa9e932aacd15000000000000000000010000000000f0e359f1c71af8b2465f12be62fc3f63dc00f3e0c9925b644f7aa7a6bb6e72cb19bcf92d4f47a90f9556e7b401c3a68ca2a776a2e6dc13e523a26fd692b754a969dbee6c000014000000000000092e0a1f006485a629954040050b81d827b015820b201480a28008291f0523e02202305550c020000a2d8216c00008800502000080a02b1271d4a2e4949f0bb994d55a6a8997047349393e16cd729f9472fc236d3964baaedcd01d8ceb8a9a8b97c4f8470fc24a2b4acb5c37f4379702cb2949b69b4927e02bba957c8d9e27d245ff356dc7dff00a9a87497ce4b8a7c57ba7fec0af5f633932431d6b9257c1c174ad29454da4d25bfeffb6c59f4dae18a3adaf4d55d72447a3ea48e48c9c927bc5d33ceba48f7937bb77dddff004b0ba4aaff003365252aaee883bc32c277a65f73a59e57d1a7071591a4d28bdb9aff00d9db16358934b76db6d951d010a410a44aaca5000140000000000000000000000000000000000000000000003e011f0040102a8c25b009ec0050e4a04280000044523e007c013ee080aaa19132b0000000002a042d8000a44405200050079fa8cd2c49688ea7ccbda3dcc3ead46d3f8b79355e1707aa894bf4afb057965d5269ea8696b8df9f618b2bc8e5b249535f547aa97844714d780bae66f1f0ce6d6974d1bc7c30b5b0514465002d100a01510a01044eef8e4a0140005000000000000000000000000000000000000000000000333571fa9a23e009642a41ec553b05c0a2ae0000080500220290007c01cec159a0681460d2768c9570154001000010b64006810a9800011028000871cd9678a71a86a8d372ae52f2863ea633693e1afcddbfbdc0ea0f2aeadc60e528eade5b2da922fe29a6f672ddd2d9717fd02bd128a92a338d38a699a8494e119ae24acd00438e43692dce7296a03a7c8a718cb4bf63aadf740b14004400000113bbf9940000a0000000000000000000000000000000004bdc3201a044ca000004dfc93e6cd1028993b96800ec10080a000880a0010a46046e9122591225550001934b83269701548d514111086a885100003b94100d02140a00222371524ad6a7c2ee44a2d5a49a39e6c0b34d49ba715f0b5ca7e4cc30e5834fd44da55ecc0eade38ca9e94d914218a0f6a5bb6dee478e4b34b245af8924efb51c574b969de5a6ef8e3703d253961c52c6e6dcb5293b5ec75e530ae7295fc8c95aa7b90341632d3f2f993ea58ad4e901d805b204600000044aaf8e4a00005000000000000000000000000000000000642b3200a4e48e6971b856c1134d5a28400004000028ec10000010000000151f04895f048946800060b1e086970154004403002210ad02a80850214800d22992a20f3f53d44b0ce2a293b8b6efda84bacc714dd3d8eed42525a945bed64d107be88bbf608e3f8b516d4a3fccd2a7e0e98732cc9bd2e2d767f2b37a2376e31bf90f8637c2eec0d128a67d487a7ea6a5a3cf602b56a8e524e2f7e0ec46af90b2b94536cea95209570085ba00088a088a5113bbf9940000028000000000000000000000000000000008c869999b6a3b01252a548e6c301b58cb49d534d5a389a837a904b1d4800640001400008000042854290141f04895f04881406e80128ab8000a0000002204650150869a214010a0000071cd83d5c919ead328af864b94cc2e9f336b5645a6926a36aeb9359fa9f472c31b4be35b37d9fb8fc66349b6a54af7ae6b620c2e9b3a8a4b2ae536db7768de7e95e69c9eaa528e96bcaffd87d6638a9369ad3fbef469f55049da76a5a5aee98473fc366bdf2df9f7e36fdbf722e8f27a6e2f22a71a5e17d0dcbacc71d5b37a79af1cd9726770cca34b4ac6e6df703d00f2fe2d4b8b8f94d5f75fd4eb833acf7516a927bf8607521410400100a01448aabe3776522777ecca0000500000000000000000000000000000000014001ca5169fb13ea756ace6e12bdadaf986a54f65c9d231d3f324634b7e4d04b4042840a400504b25816c80154290001dc150125c12257c122025c80f901540011400400000001408d1410421414010a0626b1b7f1a8eeab7ee83862b51708dbdd268e3d574f2cd38b8b54a2d6fef4667d3669ca4dcd27be9a6f620f4430638c5ad0a56dbb6acae1893a9696e4ed6a3cf2e9f3ce52bc8927e1bf1ff00a3797a79e49e396a571493bf36981d74628b51d304e5c2ae4d3845b4dc536b6dd1e65d3e7d6a4f246d4b556f5c6e8d63e9f2ac8a53c96b56aa4df808ede9435ead2aeaabb1a514b8497c8a00000000080400809514cc555f1c9a00003400000000000000000000000000000000000004290010ac8142900450106c03220170550000014010586c8057c1115f044049720af9015402840000000400004000140c06040521472cb95e39c535507ccbc3f0737d5a58ef47c7a7569bf7a3bca31724e495af24f4f1275a2372f6e48312eab1c5d3be69fb6f459e750cca0d5a69efefd91bf4e16de88efcec5a8cbb45f70384fac8fa770fcce2dabed5e4f52e0e7e9c3f447ec6d045000000000010000044eefe6525140000a00000000000000000000000000000000001001400065a3400c82d0b0a5900280402e00000006ca1a20c8ee022ab4f8328af8220835b80c055000450000000000000010002360504281e7ea304f26584e124b4a769ff0037b333e8e6b52734e4af97b6fe0e99b3ac338a92f85c5b6fc5189f55149a4a49a57ba035871e587ff64f52d35bf93961e9b2e38420f26cb9a74ceb3ea12c539c55b83a69995d5c14139aa7bda5da80e70c79e49d4a49f993dbff00674787369925915c9776f6dc47ab54fd454f5b8a4b949793ae2cab2a6d26a9d34fe56072f4334a4dcb22a7569367a31a9471c549dc9249bf25291021401000414005112abf99489dd940000a0000000000000000000000000000000000000085004280210d11a02000aa1520800a142c9640099792328321507c807c111591007c80f9015500022821400200290002804004000a5325033386373529d5a4d2b7d98d18dbd3a62dd71ec633e2791e36926e33b77e0e51c19f5a9b9d4b8d9f6be083d2f1c5a6b4aa7cfb9978f12696985f08e2f0f52e2af2534b6dfbf9359f04b2ce555528a8df8dc0da8616e9460da3a28a8f0923cbf87cdea6a5349eeaef856558ba9a8dc92a69fe6f15febb907a81cf06378f1283ecdf7f73a01410a10005800000a044aafe6500000000280000000000000000000000000000000010000521400046019002aa93b0400000022be088af8022e43e42e43e5007c12257c110060301550002280008010016c800a08500c85000a429072cf9258de3d2a2d4e5a77ec61f570d2f4dda56db5b2de8ed25075af4f36accac78a3f0e982bede40e2fabd2adab4a5253aed46b3750f1ce2a31d51d3aa4fba47578f1fe88fd8af42dde95b56fe0238beae09ab8cd5ef75dbc998f56ae4e4aa371515de9ae4eee18e2936a292d9593d3c3b7c10f2b60ae31eae94de48d28ab54fddaafd8dfe2e1beceb569bf3fdd9d3d3c6eae117f42fa70fd11dbd8831873c735e94d553dfba675228c57e5497c8a000050290a822277651540800010000500000000000000000000000000000642b23004293b0029072156c80000902ae0a220114080a2c024462c72010ee56640ac88af82200c0602a8214205214084280200502141400040280083cdd5e09e671d35b29277ee4cbd3cf2eb4f4ad7151bbe29f26fa9ea1e071a8a95a6fec665d4ca1adb826a3249d3ecd5d8172609e595b969b8b84b7e63fd4c4fa6c93c118c9c7546973daa8ef8b2acae74b68ba4fcaf27408f3fa59356397c2fd34e29767b2dcce5e9f3658e2f8a11963df6e25b71f23d6008b8dc148400005000502801112abf99489ddec520000a0000000000000000000000000000000023018004012b0a15214508128a008106170040915720aa50a02c8142c3e0850200069f065725644f702b047c80a148508000000000000a400000180292c0125084eb5c53ae2cba23bbd2adf3b14104518c78497c8a00450428000104052002900140001248000000500000000000000058002c9a901419d4bc32ea02802c0002c03325640a15048a10000000800201001d82e4760a2232a1dc03e0857c10a042900af822457c04065f3dc15f20285222840000000000000016bc806c80050a4041cf3659627075f03fccd6ed7d3c1ce5d4e48c26f426e32aa5dd2e5fd8ed36a2e1714edd5f8139686aa2b7bdc2397e27fce9476704ad3f3b76243a99b70d551fcca6aada6bc1d3d587e95a52bba2fab1d3924926e0c2394fa99c3d4f857c1f125faa3f3f25975138e4d2e2ab4bdff00f2abafb1d1e5c694a96ebf32aff523cd1a8d46edefb01c63d64fd0f534a6d3dd25ba8ed6758e59bf5db716b1fe5a5ced674d70d4969fccaee8cc7342a6e9547c7803943a8cae5053514a5172bf6d83ea72528ca2a33b8a978ddf28eef2434ea716d274b632f2c64952be39441cbf1534d5a4d29e99492fe5e13fb88e7cb2c7196cb564d1c76ba3b432465a952f8578ec459a34fe1efb2fa585719f5734a751e24b4d2ddc59a8f532d58b56971947792e14b9474f5a1b5ade93d91659611c4e55c767b6e118e9f34e72d19125351b75c3f0d1e839bcb18f2b6d3aad1239937bed6e93f20750738e68cf8baabb6657511b77b2dabea80ec0e7eafc0e493755b7cc8f3c6da56eb960750705d46c9d6d6d4abb51a9e78c1b524f6dafdc0ea0e4f3a5cc64bb7d4c7e23e1e3e2df6f1b947a087259d6cb4fc4fb263f111ec9bdfb7f7ee0757c1836f8316160004ac2b60148ca0000028280000004b0009650a1512836101d82258554184180ec42a14510214003088ca047c80028521488000a00000011bae009274bdcc8bf7fdc96469a52f3f73462cb17d823451402333928a4e51b57f662549c63a2def449e94e2e4daa7b50928a714f537bd572065cb0b829694ef854552c35c25a9715c8d38a2d3aabd92be0471e35255bbf9f00597a516938abf908bc4e5a555df04ac736e6f6775c851c516a9ab5bf3f4b02b96269dd54767b704bc2de9a8b7c701c3149d36afc5892c49e86b7f67fdf920d6bc7a53db4bdd6c4d786f98fd89a71b50dea3bed7cd9547169daabe610d7893dabec452c17b69fb198ac70bb6e496e8d4a18b526da492a6af9401cf0c77a5befb2e4dea82b5b716d57632e38a30737f952e7d84bd294aa4d5c6be8035e39dda5b71b762de36926a34dd2db9269c3b4697b5333a71c674f76b75ec076514b8497d09a21fa57d891c90704d4957bb2b9c5732480b4aaa90d315c457d89ae3ddae2c8b2c1b7f12d80d698fe95f62688ea94ab77c85922ef7d97732b2464fe1926fc228d52f0828c7f4afb1ce396128a7a92beccbeb4146dfdbb856f4c571157f21a62b84bec4d71b4aff37045923272a7b2efe4236f83025923a1b4ee9a4675c3556a57e02c692b66ea918f531a8a7ab62bc905beae15fd08340c7ab0de9dd723d683e1dfec11b0738e552928f0dab3a01400510a0802c8180a5800a2d808590088308a052000d0b28209643442851195b201017ee0285200280020000046aca00e7b90e8d5982341a8a7c88c7bb341000046670d6926dd721c6da7a9daee5724b9697ccb75cec073782326edcb7dcb1c694f55b6fdcda69f0ef6b16aead5f8039fa11dd272a6edabee3d08d356d5f34752269ab4ed0188e18c78b0f0c5caedf3674236bbb5b1073fc3c2ab7aaaaf634f126edca57ec6b5255badfdcb6972d0473fc3c34e9debfbfea1618da76dd716f83a6a8f95befc8b4fba032b1a51d3bd7833e84134d5edc1d401cd618277bf361e18376ef9ba3a00397a10db9dabbf8e02c11a8a77b2f275006278a3369cb95c11e18376ef676bd99d001ca58a0df75f20b1c53b5d8e8c85573f461efc55df6f058e2827b23611465e28d25baae299160c6b84d6d5767404461e283c6f1d7c2fb11e08e96a3b5d5fb9d410738e28a69bb6fc93d0c7e1fdcea4033e9c3c76687a706f746c01cd628292928eeb866ca4005202813ea0051060001560a040014020000000000010000007f9501400040005500040000000000000004000019c90d5a6ab677b9858a55f14ed9d401ca18651d373b71adcbe9caa6a2eb53bbee8ea40397a524de9955b4f7f622c39145454d6ceecec520e70838c5abbe3961e36e6e56b777fb51d001c7d07493927b69e3b1562945c9a9277bab5dcea0239470d35c52ad8d471e97076be18e9e0e80000000000000000008f921590aa040a80140220000000021400202802068a0a320b40010a50202802000aa81148800000000010772ff37d008bb8fe541771fca80a0003252022a94800a08022820028258b2aa820b2228200282002800014808282002820b08d03365b028200282002820028258b00c846ddfd01554a9194cb64a340962c2283365b0282592c0d03362c0d03362d81a04b1651482c806819b16c0d0258b00096c96c0d1112c2655504b608282587c7d00afb7cc7f37d08df03f98a0bb8fe5417727f2a0340003fffd9, 'Approved');
INSERT INTO `vehicle` (`VehicleID`, `StudentID`, `VehicleType`, `PlateNumber`, `VehicleModel`, `VehicleColour`, `VehicleGrant`, `VehicleApproval`) VALUES
('V005', 'CB23028', 'Car', 'MNB5551', 'Toyota Vios', 'Black', 0xffd8ffe000104a46494600010100000100010000ffe201d84943435f50524f46494c45000101000001c800000000043000006d6e74725247422058595a2007e00001000100000000000061637370000000000000000000000000000000000000000000000000000000010000f6d6000100000000d32d0000000000000000000000000000000000000000000000000000000000000000000000000000000000000000000000000000000964657363000000f0000000247258595a00000114000000146758595a00000128000000146258595a0000013c00000014777470740000015000000014725452430000016400000028675452430000016400000028625452430000016400000028637072740000018c0000003c6d6c756300000000000000010000000c656e5553000000080000001c007300520047004258595a200000000000006fa2000038f50000039058595a2000000000000062990000b785000018da58595a2000000000000024a000000f840000b6cf58595a20000000000000f6d6000100000000d32d706172610000000000040000000266660000f2a700000d59000013d000000a5b00000000000000006d6c756300000000000000010000000c656e5553000000200000001c0047006f006f0067006c006500200049006e0063002e00200032003000310036ffdb004300281c1e231e19282321232d2b28303c64413c37373c7b585d4964918099968f808c8aa0b4e6c3a0aadaad8a8cc8ffcbdaeef5ffffff9bc1fffffffaffe6fdfff8ffdb0043012b2d2d3c353c76414176f8a58ca5f8f8f8f8f8f8f8f8f8f8f8f8f8f8f8f8f8f8f8f8f8f8f8f8f8f8f8f8f8f8f8f8f8f8f8f8f8f8f8f8f8f8f8f8f8f8f8f8f8f8ffc0001108017b022403012200021101031101ffc400190001010101010100000000000000000000000102030405ffc4003910000202010303020404040504030100000001021103122131044151136122718191143252a10542d1f01523b1c1e1355362f124333472ffc400160101010100000000000000000000000000000102ffc4001b11010101010101010100000000000000000001112102123141ffda000c03010002110311003f00fae5200aa52142000023442b692b661fc5cfd82aea575cbf086a7e12f9b27fa780555d4fc2fb975794d109f2d8263a039f1edee8da77b70c827b02b200008c0a16e08d9056000007008281c00052008a0000000000000000000000000028000010a00850401c949c02877000000a01000011bf1c86e89c052a90ec1f03b14520040001442a5b92bc9572025c19352e0c31162000ad3a8214cb0148508961ba560cc9ee97d5854bb77dff00d0a888a550e39a6d45a8daa6adfb199f5294d463cf96b937283a526d6aadef6337d738ac639e972a6e51daafc9dce5086a76da6976bb339334b14ea5f12f65c93cdc9d31e827f7f22464a51b468d22dbfd2c5bfd2ccd7b0a098adbfd2c6ffa593626dec456b7fd2c5bf0ccedde8bb016df81bf826dec36f620d5bf1fb8b7e3f733b794cbb7802efe3f716fc7ee4b4b9a42d794116fdbf72dfb7ee635453a6d58d70fd51fb81bbf65f716fdbee654e2dd292b0e704e9c92606adfb0b7ec65e482e6487a90d5a752d5e0746adfb0b7ec4949455c9d233eb63d3ab5ad3c5f60376fd896fca32f2e350d6e6947c886584d5c656bcae0746edfb0b7ec73867c5925a613527e109e7c58e5a6735197863a3a5b25bf26279b1e3928ca54e5c2f274025bf6fb177f3fb1ce39f1cb23c6a5f1ae57833f8ac2f26853b9f85c8ca3adbf3fb0dfcfec707d774d1752ca935ca7d8b1eb304e329426a518f2d762e51df7f3fb137f3fb1cf1f518b24253c72d518f34663d5e19e39648cae11e5aec328edbf9fd85bf3fb1e6ff11e97feea3a4ba8c71c5eaeab8794328e9bf97f62dbf2fec793fc4ba4ff00b9fb1b9f5b831a8b9c9a5256b6e4b9477dfcbfb177f2fec7963fc47a59c94564ddfb1db367860c7ea64751f23074dfcb16fcb3960ea31f51172c6ed2d8ce7eaf174f24b2376f8a28edbf962df9661668bc3eaade3566307578ba8d5e9b6dc7b3183b57bb15f338e0ea61d44a5185fc3c9d8095b77096ddfee508295f3fb92be7f73446e8233b77724be658a7cbbf64fb04af77db846800ee0006ac92546cc4fb023006e0adba2290a65850004431cb7eecd985c2f9b2ac539679a8429bad4eb6e4ea79ba8929bf4e2d4bb4f7dd2f267d5c8d473c36b53c8db78b9ae1b3c99faa9e4cce10a6eeadf9f63db15ffc67bdd354fd8f990c52865c526ef549fd0cf892feadb67e3ac25d4464ad2927dd6cd1ee8e4f5b0eab6e58f7b5dcf245e8c9182bf8ee4d9d7a0fcb92f8f8bfd4586bb74b2d325194ae535a8f59e1c6fd39eb9354dfc72f7ed47b534d5add17c5e2550086918cdabd2968fcd5b1f1e2e93fc4faf19dfe65c23ece4829c1c5ed678bf07d4c538c73dc5fea5745952b0a77d065d399e4d3c4b868efd0e44ba5839cb77e7b99c7d07a7d34f1a97c53e589741aba5585cbe28bd98b839f5527fe21834c9d3fdcb06ffc5a51bf86b8ec6f1f4591e7864cf954b470923a47a592eb1f51a96fb691b070fe1edbeaf3a6db49ec99f44f02e832ac939c33e8d6edd23d3d3e29e28b53c8e6dbe593d651e5fe2ada58e9b5bef4cf34f46b87e19e573bdeee8fa3d574bf8970f8b4e977f33ba518c537a5572c4f52447cbeb37eb60a4a52b8ef18bdd9be961159d358b241a5cc9ec77cfd27add42c8b3689d6c9724c583465ff00f5eb7c696d17783c385bc797d7bd965d32f93ee4ea1fa995e7bd9e5d0be4bb9eefc1e28432c25957c5f14adfe522e97a79e28e38e64d63f8b67fbb2ec463acff00f774bf234ffeb49ffe076c98b0e59e1cd2cabc41a7b364cdd1e1ea334a72c8f54767a5d51362baf56d3e97224d7e567cc8ff00d15fff00d1eac587a54a7187516a51deddedec163e93f092c4b37f94be26ff00e44e0f039b947a75d445ae9d6cabbfb9f4faccb1e9fa17e9d2b551a2cf074cfa7582735a631d49df0bc9ce1d374b9e11c71c8e4b1ee93b4d7fc0b651e0c33c7d3e5e9e78e69b6ab2533bff0010c6b37f10c506e949728f56687459ba6d72945624e9c96db96587a68e4539e47ab14534dbe1761bfd1e079253cdd363c97eae29697fec7db478a70e933e5595b6a7a9456cd3bedb1e85d462dea7694942eb6bf04f5d1f2b37abfe219d605f1354df8476fe112c3f1474d66eedf2cf43fc360ea2799b96b4ea6e9b48ccf1f4919c7a89396394a549b4d6ff0022eecc1e2829beafa8d10c7277bebff63d094974b9f5c611969db43d8e93e9ba2966c919dbc915aa7f2f275c3d1f4eb13f49350c8b7f745d83e6e06fa6c38f3ad4f16455912ecfb335d1ff00d37a93dce5d263e9141dfa4e4e355f7350c1d3c253e9e116ae2a525d9a168f274df86ff0e5eae8d54f9e4e1d3dff0085e7bfcb7b1edfc2f43f88f43d35ea559b593a5cbd36949fa7a941c52ee347870bcab0434e4e9d2adb52dfea5ebdff0099d369a6fdf86cf77f87f4bff662747d261969b8de8fcbec3ea18f97d52cbeae15d4638422e5fc9dcebfc472c659b161ddc6352924acfa197a7c59abd48eaae2c47a7c51cbeaa8fc6fb8d1f3ba2cd1c7d74e2938e3c9bc53546279639bacc9294253824e0b4c6f73eacf0639cd4e51b92e1f818f0e3c57e9c6af91aaf9dd1656fa4cd825f9a0b64f9a3874f0963e9e1d4e24db8b6a6bf523ebfe1f16a72d1bbe5f9351c50845c631a8bec347cffe13252c99e4b86ecfa46218b1e37708a8df8362805c0ec2f6228dd04ae9b55e104af77f4450800080544ec5ee053133466658460060adba22a2762a32c28002073e1b5ee743135ba7f4615257a5d735b1e2845cd3df4c9f0976f63da79b363709eb8f7fefee67dcfeb51cf1e4c6b24a15b354eb8f998cd833c2fd369a7dead7fc1d5bf562b4b51977db932b24f1b6a2dc5463c4bbb3138d3cf87075325a5bdbe5bfdcf4cf4f4d81c2b537f9b4f833f89c99637193abe1f2d7734a34d4ee518bdf4be596dd11462e1af5695c52e133d1d3ead0dcab77d8e09bcf28d717b78fa1ec494524b845f112807d197e86d9405fa31f460405dfc315ecc80053f0c6fe080527d1977f0103cfd5c72e4c73c50c7aa338d6abe1fb9e8fa003c73c199e7f5d463aa125a537be95cfdf730ba6cd6968d965d7bb5557f73de52fd0f1c706659d66718ea949eb57be97efec1f4d91e29e38a8c7d4cadb7ff89ec03e91e1fc1c9b58e6a32c4a6e5b6d49ae12f99dba7c3931bcdea4949caaa5e5255b9e80368f1e3e89ae9e319c9b9c60d455fc29b46574b99f4fe9492e23ce4725b3f15b1eeb03ea8f0cfa19394d466963d3504ff95ddd7c8dcf0f53925396a843543455dd7b9ebb163ea8f17e0a6938a9c650938b69c6b8ff00812e8a6e53ac8b4fc3e9dafcb4ee9fb1edbf90bf90faa3c73e972e66de59c5294a2dc537b5734fdcaba4c91c4f14722d1192963b5c5767ec7aec5af2347965d3649e1cf194e2a795a7b70aa8b9ba5967c8dcf2350d0e292f7e4f4daf2896bca268f2be8e528cdcb22591a5534b86957ee75f4b2470638639a8ca096ed6cebb1dafdc96bc8d1e45d0b7a54f2ba4a5b4556f27b961d366c728ca39a2da8287c51e5267aad7917ee5d57957472d5ea7acfd4d7af8dbc71f21f814a1892c8d383b6ebf32bba67aafdd0b5e4bb4012fdff616bcfec41412ff00ba17fdd14504bf9fd85fcfec0504bf9fd85fcfec51482fe7f61f47f600dd2ff733aa314a53d97645abddf0b8449a7f0ca2aebb0557922a557cf827a8b5e9a75757dafc18d134b4a49a696f7c50d33f52abe1d5ab5590c8d472b6d5c6934da77c859255728aa717254c91c737a6324928a6aef9b0a13924a492518b8da7c8382c938d3934d4a2daa5c131b9a9c1ca6e5ad6e9f6f91638e72a534928c5ab5dc63864d50d7a6a0b6aee178ec6666cccb9458cc7306f42ee06ae869192a2234000811abd8a4031ba75dfb7b8694934d5a66da4d5330d35cdfcd7fb955c3274f6ee2f75f7384a1353d4d352e2eda3dc9df1bfc85fb99be635af0b8eb6949371f09ff43ac30ce6ee5b6f7bff007b9e9bf7293e21acc20a0b6fab656ffe179177effe812af9f934852eedfdcba57bfdc854f608695eff0071a57f6ca009a57f6c694504134a1a5782802695e0ba57828a64c134af029782d0a1814bc0a5e0a0b8894bc0a5e0a06094bc16978006094851400a1401000000005000000000000000010a0140850040d8688d30a003ee5149762c10185c13b05c1452f60460000416c772003446523e022300154a080641514c96c0a080229000238a7db7f288e2ff0057dd1a0159a7fabf61a577dfe6688028c9b2356070cef2270589ad4dbd9f0d570727d5b5072516eb7d32e79aa3d2f9dc6ddd2dbd82b967cba7a694a12a69a56bb6e6566cb8a5284e2a4e29cb9df4f6f99df6f0135b5a5fd023ccfaa9b8b4e318b6934ef6571bfb917572589455397a6db6f9524acf6d2ae17d852be17d80f1fe2258a13b69b8d694eeded6f7353eaa518ce5a6349d47ff002dacf552f0852f0bec41c31f5129e751d2b4b6d27df64bfa9e932aacd15000000000000000000010000000000f0e359f1c71af8b2465f12be62fc3f63dc00f3e0c9925b644f7aa7a6bb6e72cb19bcf92d4f47a90f9556e7b401c3a68ca2a776a2e6dc13e523a26fd692b754a969dbee6c000014000000000000092e0a1f006485a629954040050b81d827b015820b201480a28008291f0523e02202305550c020000a2d8216c00008800502000080a02b1271d4a2e4949f0bb994d55a6a8997047349393e16cd729f9472fc236d3964baaedcd01d8ceb8a9a8b97c4f8470fc24a2b4acb5c37f4379702cb2949b69b4927e02bba957c8d9e27d245ff356dc7dff00a9a87497ce4b8a7c57ba7fec0af5f633932431d6b9257c1c174ad29454da4d25bfeffb6c59f4dae18a3adaf4d55d72447a3ea48e48c9c927bc5d33ceba48f7937bb77dddff004b0ba4aaff003365252aaee883bc32c277a65f73a59e57d1a7071591a4d28bdb9aff00d9db16358934b76db6d951d010a410a44aaca5000140000000000000000000000000000000000000000000003e011f0040102a8c25b009ec0050e4a04280000044523e007c013ee080aaa19132b0000000002a042d8000a44405200050079fa8cd2c49688ea7ccbda3dcc3ead46d3f8b79355e1707aa894bf4afb057965d5269ea8696b8df9f618b2bc8e5b249535f547aa97844714d780bae66f1f0ce6d6974d1bc7c30b5b0514465002d100a01510a01044eef8e4a0140005000000000000000000000000000000000000000000000333571fa9a23e009642a41ec553b05c0a2ae0000080500220290007c01cec159a0681460d2768c9570154001000010b64006810a9800011028000871cd9678a71a86a8d372ae52f2863ea633693e1afcddbfbdc0ea0f2aeadc60e528eade5b2da922fe29a6f672ddd2d9717fd02bd128a92a338d38a699a8494e119ae24acd00438e43692dce7296a03a7c8a718cb4bf63aadf740b14004400000113bbf9940000a0000000000000000000000000000000004bdc3201a044ca000004dfc93e6cd1028993b96800ec10080a000880a0010a46046e9122591225550001934b83269701548d514111086a885100003b94100d02140a00222371524ad6a7c2ee44a2d5a49a39e6c0b34d49ba715f0b5ca7e4cc30e5834fd44da55ecc0eade38ca9e94d914218a0f6a5bb6dee478e4b34b245af8924efb51c574b969de5a6ef8e3703d253961c52c6e6dcb5293b5ec75e530ae7295fc8c95aa7b90341632d3f2f993ea58ad4e901d805b204600000044aaf8e4a00005000000000000000000000000000000000642b3200a4e48e6971b856c1134d5a28400004000028ec10000010000000151f04895f048946800060b1e086970154004403002210ad02a80850214800d22992a20f3f53d44b0ce2a293b8b6efda84bacc714dd3d8eed42525a945bed64d107be88bbf608e3f8b516d4a3fccd2a7e0e98732cc9bd2e2d767f2b37a2376e31bf90f8637c2eec0d128a67d487a7ea6a5a3cf602b56a8e524e2f7e0ec46af90b2b94536cea95209570085ba00088a088a5113bbf9940000028000000000000000000000000000000008c869999b6a3b01252a548e6c301b58cb49d534d5a389a837a904b1d4800640001400008000042854290141f04895f04881406e80128ab8000a0000002204650150869a214010a0000071cd83d5c919ead328af864b94cc2e9f336b5645a6926a36aeb9359fa9f472c31b4be35b37d9fb8fc66349b6a54af7ae6b620c2e9b3a8a4b2ae536db7768de7e95e69c9eaa528e96bcaffd87d6638a9369ad3fbef469f55049da76a5a5aee98473fc366bdf2df9f7e36fdbf722e8f27a6e2f22a71a5e17d0dcbacc71d5b37a79af1cd9726770cca34b4ac6e6df703d00f2fe2d4b8b8f94d5f75fd4eb833acf7516a927bf8607521410400100a01448aabe3776522777ecca0000500000000000000000000000000000000014001ca5169fb13ea756ace6e12bdadaf986a54f65c9d231d3f324634b7e4d04b4042840a400504b25816c80154290001dc150125c12257c122025c80f901540011400400000001408d1410421414010a0626b1b7f1a8eeab7ee83862b51708dbdd268e3d574f2cd38b8b54a2d6fef4667d3669ca4dcd27be9a6f620f4430638c5ad0a56dbb6acae1893a9696e4ed6a3cf2e9f3ce52bc8927e1bf1ff00a3797a79e49e396a571493bf36981d74628b51d304e5c2ae4d3845b4dc536b6dd1e65d3e7d6a4f246d4b556f5c6e8d63e9f2ac8a53c96b56aa4df808ede9435ead2aeaabb1a514b8497c8a00000000080400809514cc555f1c9a00003400000000000000000000000000000000000004290010ac8142900450106c03220170550000014010586c8057c1115f044049720af9015402840000000400004000140c06040521472cb95e39c535507ccbc3f0737d5a58ef47c7a7569bf7a3bca31724e495af24f4f1275a2372f6e48312eab1c5d3be69fb6f459e750cca0d5a69efefd91bf4e16de88efcec5a8cbb45f70384fac8fa770fcce2dabed5e4f52e0e7e9c3f447ec6d045000000000010000044eefe6525140000a00000000000000000000000000000000001001400065a3400c82d0b0a5900280402e00000006ca1a20c8ee022ab4f8328af8220835b80c055000450000000000000010002360504281e7ea304f26584e124b4a769ff0037b333e8e6b52734e4af97b6fe0e99b3ac338a92f85c5b6fc5189f55149a4a49a57ba035871e587ff64f52d35bf93961e9b2e38420f26cb9a74ceb3ea12c539c55b83a69995d5c14139aa7bda5da80e70c79e49d4a49f993dbff00674787369925915c9776f6dc47ab54fd454f5b8a4b949793ae2cab2a6d26a9d34fe56072f4334a4dcb22a7569367a31a9471c549dc9249bf25291021401000414005112abf99489dd940000a0000000000000000000000000000000000000085004280210d11a02000aa1520800a142c9640099792328321507c807c111591007c80f9015500022821400200290002804004000a5325033386373529d5a4d2b7d98d18dbd3a62dd71ec633e2791e36926e33b77e0e51c19f5a9b9d4b8d9f6be083d2f1c5a6b4aa7cfb9978f12696985f08e2f0f52e2af2534b6dfbf9359f04b2ce555528a8df8dc0da8616e9460da3a28a8f0923cbf87cdea6a5349eeaef856558ba9a8dc92a69fe6f15febb907a81cf06378f1283ecdf7f73a01410a10005800000a044aafe6500000000280000000000000000000000000000000010000521400046019002aa93b0400000022be088af8022e43e42e43e5007c12257c110060301550002280008010016c800a08500c85000a429072cf9258de3d2a2d4e5a77ec61f570d2f4dda56db5b2de8ed25075af4f36accac78a3f0e982bede40e2fabd2adab4a5253aed46b3750f1ce2a31d51d3aa4fba47578f1fe88fd8af42dde95b56fe0238beae09ab8cd5ef75dbc998f56ae4e4aa371515de9ae4eee18e2936a292d9593d3c3b7c10f2b60ae31eae94de48d28ab54fddaafd8dfe2e1beceb569bf3fdd9d3d3c6eae117f42fa70fd11dbd8831873c735e94d553dfba675228c57e5497c8a000050290a822277651540800010000500000000000000000000000000000642b23004293b0029072156c80000902ae0a220114080a2c024462c72010ee56640ac88af82200c0602a8214205214084280200502141400040280083cdd5e09e671d35b29277ee4cbd3cf2eb4f4ad7151bbe29f26fa9ea1e071a8a95a6fec665d4ca1adb826a3249d3ecd5d8172609e595b969b8b84b7e63fd4c4fa6c93c118c9c7546973daa8ef8b2acae74b68ba4fcaf27408f3fa59356397c2fd34e29767b2dcce5e9f3658e2f8a11963df6e25b71f23d6008b8dc148400005000502801112abf99489ddec520000a0000000000000000000000000000000023018004012b0a15214508128a008106170040915720aa50a02c8142c3e0850200069f065725644f702b047c80a148508000000000000a400000180292c0125084eb5c53ae2cba23bbd2adf3b14104518c78497c8a00450428000104052002900140001248000000500000000000000058002c9a901419d4bc32ea02802c0002c03325640a15048a10000000800201001d82e4760a2232a1dc03e0857c10a042900af822457c04065f3dc15f20285222840000000000000016bc806c80050a4041cf3659627075f03fccd6ed7d3c1ce5d4e48c26f426e32aa5dd2e5fd8ed36a2e1714edd5f8139686aa2b7bdc2397e27fce9476704ad3f3b76243a99b70d551fcca6aada6bc1d3d587e95a52bba2fab1d3924926e0c2394fa99c3d4f857c1f125faa3f3f25975138e4d2e2ab4bdff00f2abafb1d1e5c694a96ebf32aff523cd1a8d46edefb01c63d64fd0f534a6d3dd25ba8ed6758e59bf5db716b1fe5a5ced674d70d4969fccaee8cc7342a6e9547c7803943a8cae5053514a5172bf6d83ea72528ca2a33b8a978ddf28eef2434ea716d274b632f2c64952be39441cbf1534d5a4d29e99492fe5e13fb88e7cb2c7196cb564d1c76ba3b432465a952f8578ec459a34fe1efb2fa585719f5734a751e24b4d2ddc59a8f532d58b56971947792e14b9474f5a1b5ade93d91659611c4e55c767b6e118e9f34e72d19125351b75c3f0d1e839bcb18f2b6d3aad1239937bed6e93f20750738e68cf8baabb6657511b77b2dabea80ec0e7eafc0e493755b7cc8f3c6da56eb960750705d46c9d6d6d4abb51a9e78c1b524f6dafdc0ea0e4f3a5cc64bb7d4c7e23e1e3e2df6f1b947a087259d6cb4fc4fb263f111ec9bdfb7f7ee0757c1836f8316160004ac2b60148ca0000028280000004b0009650a1512836101d82258554184180ec42a14510214003088ca047c80028521488000a00000011bae009274bdcc8bf7fdc96469a52f3f73462cb17d823451402333928a4e51b57f662549c63a2def449e94e2e4daa7b50928a714f537bd572065cb0b829694ef854552c35c25a9715c8d38a2d3aabd92be0471e35255bbf9f00597a516938abf908bc4e5a555df04ac736e6f6775c851c516a9ab5bf3f4b02b96269dd54767b704bc2de9a8b7c701c3149d36afc5892c49e86b7f67fdf920d6bc7a53db4bdd6c4d786f98fd89a71b50dea3bed7cd9547169daabe610d7893dabec452c17b69fb198ac70bb6e496e8d4a18b526da492a6af9401cf0c77a5befb2e4dea82b5b716d57632e38a30737f952e7d84bd294aa4d5c6be8035e39dda5b71b762de36926a34dd2db9269c3b4697b5333a71c674f76b75ec076514b8497d09a21fa57d891c90704d4957bb2b9c5732480b4aaa90d315c457d89ae3ddae2c8b2c1b7f12d80d698fe95f62688ea94ab77c85922ef7d97732b2464fe1926fc228d52f0828c7f4afb1ce396128a7a92beccbeb4146dfdbb856f4c571157f21a62b84bec4d71b4aff37045923272a7b2efe4236f83025923a1b4ee9a4675c3556a57e02c692b66ea918f531a8a7ab62bc905beae15fd08340c7ab0de9dd723d683e1dfec11b0738e552928f0dab3a01400510a0802c8180a5800a2d808590088308a052000d0b28209643442851195b201017ee0285200280020000046aca00e7b90e8d5982341a8a7c88c7bb341000046670d6926dd721c6da7a9daee5724b9697ccb75cec073782326edcb7dcb1c694f55b6fdcda69f0ef6b16aead5f8039fa11dd272a6edabee3d08d356d5f34752269ab4ed0188e18c78b0f0c5caedf3674236bbb5b1073fc3c2ab7aaaaf634f126edca57ec6b5255badfdcb6972d0473fc3c34e9debfbfea1618da76dd716f83a6a8f95befc8b4fba032b1a51d3bd7833e84134d5edc1d401cd618277bf361e18376ef9ba3a00397a10db9dabbf8e02c11a8a77b2f275006278a3369cb95c11e18376ef676bd99d001ca58a0df75f20b1c53b5d8e8c85573f461efc55df6f058e2827b23611465e28d25baae299160c6b84d6d5767404461e283c6f1d7c2fb11e08e96a3b5d5fb9d410738e28a69bb6fc93d0c7e1fdcea4033e9c3c76687a706f746c01cd628292928eeb866ca4005202813ea0051060001560a040014020000000000010000007f9501400040005500040000000000000004000019c90d5a6ab677b9858a55f14ed9d401ca18651d373b71adcbe9caa6a2eb53bbee8ea40397a524de9955b4f7f622c39145454d6ceecec520e70838c5abbe3961e36e6e56b777fb51d001c7d07493927b69e3b1562945c9a9277bab5dcea0239470d35c52ad8d471e97076be18e9e0e80000000000000000008f921590aa040a80140220000000021400202802068a0a320b40010a50202802000aa81148800000000010772ff37d008bb8fe541771fca80a0003252022a94800a08022820028258b2aa820b2228200282002800014808282002820b08d03365b028200282002820028258b00c846ddfd01554a9194cb64a340962c2283365b0282592c0d03362c0d03362d81a04b1651482c806819b16c0d0258b00096c96c0d1112c2655504b608282587c7d00afb7cc7f37d08df03f98a0bb8fe5417727f2a0340003fffd9, 'Pending'),
('V006', 'CB23099', 'Motorcycle', 'VNF6789', 'Honda EX5', 'Black', 0xffd8ffe000104a46494600010100000100010000ffe201d84943435f50524f46494c45000101000001c800000000043000006d6e74725247422058595a2007e00001000100000000000061637370000000000000000000000000000000000000000000000000000000010000f6d6000100000000d32d0000000000000000000000000000000000000000000000000000000000000000000000000000000000000000000000000000000964657363000000f0000000247258595a00000114000000146758595a00000128000000146258595a0000013c00000014777470740000015000000014725452430000016400000028675452430000016400000028625452430000016400000028637072740000018c0000003c6d6c756300000000000000010000000c656e5553000000080000001c007300520047004258595a200000000000006fa2000038f50000039058595a2000000000000062990000b785000018da58595a2000000000000024a000000f840000b6cf58595a20000000000000f6d6000100000000d32d706172610000000000040000000266660000f2a700000d59000013d000000a5b00000000000000006d6c756300000000000000010000000c656e5553000000200000001c0047006f006f0067006c006500200049006e0063002e00200032003000310036ffdb004300281c1e231e19282321232d2b28303c64413c37373c7b585d4964918099968f808c8aa0b4e6c3a0aadaad8a8cc8ffcbdaeef5ffffff9bc1fffffffaffe6fdfff8ffdb0043012b2d2d3c353c76414176f8a58ca5f8f8f8f8f8f8f8f8f8f8f8f8f8f8f8f8f8f8f8f8f8f8f8f8f8f8f8f8f8f8f8f8f8f8f8f8f8f8f8f8f8f8f8f8f8f8f8f8f8f8ffc0001108017b022403012200021101031101ffc400190001010101010100000000000000000000000102030405ffc4003910000202010303020404040504030100000001021103122131044151136122718191143252a10542d1f01523b1c1e1355362f124333472ffc400160101010100000000000000000000000000000102ffc4001b11010101010101010100000000000000000001112102123141ffda000c03010002110311003f00fae5200aa52142000023442b692b661fc5cfd82aea575cbf086a7e12f9b27fa780555d4fc2fb975794d109f2d8263a039f1edee8da77b70c827b02b200008c0a16e08d9056000007008281c00052008a0000000000000000000000000028000010a00850401c949c02877000000a01000011bf1c86e89c052a90ec1f03b14520040001442a5b92bc9572025c19352e0c31162000ad3a8214cb0148508961ba560cc9ee97d5854bb77dff00d0a888a550e39a6d45a8daa6adfb199f5294d463cf96b937283a526d6aadef6337d738ac639e972a6e51daafc9dce5086a76da6976bb339334b14ea5f12f65c93cdc9d31e827f7f22464a51b468d22dbfd2c5bfd2ccd7b0a098adbfd2c6ffa593626dec456b7fd2c5bf0ccedde8bb016df81bf826dec36f620d5bf1fb8b7e3f733b794cbb7802efe3f716fc7ee4b4b9a42d794116fdbf72dfb7ee635453a6d58d70fd51fb81bbf65f716fdbee654e2dd292b0e704e9c92606adfb0b7ec65e482e6487a90d5a752d5e0746adfb0b7ec4949455c9d233eb63d3ab5ad3c5f60376fd896fca32f2e350d6e6947c886584d5c656bcae0746edfb0b7ec73867c5925a613527e109e7c58e5a6735197863a3a5b25bf26279b1e3928ca54e5c2f274025bf6fb177f3fb1ce39f1cb23c6a5f1ae57833f8ac2f26853b9f85c8ca3adbf3fb0dfcfec707d774d1752ca935ca7d8b1eb304e329426a518f2d762e51df7f3fb137f3fb1cf1f518b24253c72d518f34663d5e19e39648cae11e5aec328edbf9fd85bf3fb1e6ff11e97feea3a4ba8c71c5eaeab8794328e9bf97f62dbf2fec793fc4ba4ff00b9fb1b9f5b831a8b9c9a5256b6e4b9477dfcbfb177f2fec7963fc47a59c94564ddfb1db367860c7ea64751f23074dfcb16fcb3960ea31f51172c6ed2d8ce7eaf174f24b2376f8a28edbf962df9661668bc3eaade3566307578ba8d5e9b6dc7b3183b57bb15f338e0ea61d44a5185fc3c9d8095b77096ddfee508295f3fb92be7f73446e8233b77724be658a7cbbf64fb04af77db846800ee0006ac92546cc4fb023006e0adba2290a65850004431cb7eecd985c2f9b2ac539679a8429bad4eb6e4ea79ba8929bf4e2d4bb4f7dd2f267d5c8d473c36b53c8db78b9ae1b3c99faa9e4cce10a6eeadf9f63db15ffc67bdd354fd8f990c52865c526ef549fd0cf892feadb67e3ac25d4464ad2927dd6cd1ee8e4f5b0eab6e58f7b5dcf245e8c9182bf8ee4d9d7a0fcb92f8f8bfd4586bb74b2d325194ae535a8f59e1c6fd39eb9354dfc72f7ed47b534d5add17c5e2550086918cdabd2968fcd5b1f1e2e93fc4faf19dfe65c23ece4829c1c5ed678bf07d4c538c73dc5fea5745952b0a77d065d399e4d3c4b868efd0e44ba5839cb77e7b99c7d07a7d34f1a97c53e589741aba5585cbe28bd98b839f5527fe21834c9d3fdcb06ffc5a51bf86b8ec6f1f4591e7864cf954b470923a47a592eb1f51a96fb691b070fe1edbeaf3a6db49ec99f44f02e832ac939c33e8d6edd23d3d3e29e28b53c8e6dbe593d651e5fe2ada58e9b5bef4cf34f46b87e19e573bdeee8fa3d574bf8970f8b4e977f33ba518c537a5572c4f52447cbeb37eb60a4a52b8ef18bdd9be961159d358b241a5cc9ec77cfd27add42c8b3689d6c9724c583465ff00f5eb7c696d17783c385bc797d7bd965d32f93ee4ea1fa995e7bd9e5d0be4bb9eefc1e28432c25957c5f14adfe522e97a79e28e38e64d63f8b67fbb2ec463acff00f774bf234ffeb49ffe076c98b0e59e1cd2cabc41a7b364cdd1e1ea334a72c8f54767a5d51362baf56d3e97224d7e567cc8ff00d15fff00d1eac587a54a7187516a51deddedec163e93f092c4b37f94be26ff00e44e0f039b947a75d445ae9d6cabbfb9f4faccb1e9fa17e9d2b551a2cf074cfa7582735a631d49df0bc9ce1d374b9e11c71c8e4b1ee93b4d7fc0b651e0c33c7d3e5e9e78e69b6ab2533bff0010c6b37f10c506e949728f56687459ba6d72945624e9c96db96587a68e4539e47ab14534dbe1761bfd1e079253cdd363c97eae29697fec7db478a70e933e5595b6a7a9456cd3bedb1e85d462dea7694942eb6bf04f5d1f2b37abfe219d605f1354df8476fe112c3f1474d66eedf2cf43fc360ea2799b96b4ea6e9b48ccf1f4919c7a89396394a549b4d6ff0022eecc1e2829beafa8d10c7277bebff63d094974b9f5c611969db43d8e93e9ba2966c919dbc915aa7f2f275c3d1f4eb13f49350c8b7f745d83e6e06fa6c38f3ad4f16455912ecfb335d1ff00d37a93dce5d263e9141dfa4e4e355f7350c1d3c253e9e116ae2a525d9a168f274df86ff0e5eae8d54f9e4e1d3dff0085e7bfcb7b1edfc2f43f88f43d35ea559b593a5cbd36949fa7a941c52ee347870bcab0434e4e9d2adb52dfea5ebdff0099d369a6fdf86cf77f87f4bff662747d261969b8de8fcbec3ea18f97d52cbeae15d4638422e5fc9dcebfc472c659b161ddc6352924acfa197a7c59abd48eaae2c47a7c51cbeaa8fc6fb8d1f3ba2cd1c7d74e2938e3c9bc53546279639bacc9294253824e0b4c6f73eacf0639cd4e51b92e1f818f0e3c57e9c6af91aaf9dd1656fa4cd825f9a0b64f9a3874f0963e9e1d4e24db8b6a6bf523ebfe1f16a72d1bbe5f9351c50845c631a8bec347cffe13252c99e4b86ecfa46218b1e37708a8df8362805c0ec2f6228dd04ae9b55e104af77f4450800080544ec5ee053133466658460060adba22a2762a32c28002073e1b5ee743135ba7f4615257a5d735b1e2845cd3df4c9f0976f63da79b363709eb8f7fefee67dcfeb51cf1e4c6b24a15b354eb8f998cd833c2fd369a7dead7fc1d5bf562b4b51977db932b24f1b6a2dc5463c4bbb3138d3cf87075325a5bdbe5bfdcf4cf4f4d81c2b537f9b4f833f89c99637193abe1f2d7734a34d4ee518bdf4be596dd11462e1af5695c52e133d1d3ead0dcab77d8e09bcf28d717b78fa1ec494524b845f112807d197e86d9405fa31f460405dfc315ecc80053f0c6fe080527d1977f0103cfd5c72e4c73c50c7aa338d6abe1fb9e8fa003c73c199e7f5d463aa125a537be95cfdf730ba6cd6968d965d7bb5557f73de52fd0f1c706659d66718ea949eb57be97efec1f4d91e29e38a8c7d4cadb7ff89ec03e91e1fc1c9b58e6a32c4a6e5b6d49ae12f99dba7c3931bcdea4949caaa5e5255b9e80368f1e3e89ae9e319c9b9c60d455fc29b46574b99f4fe9492e23ce4725b3f15b1eeb03ea8f0cfa19394d466963d3504ff95ddd7c8dcf0f53925396a843543455dd7b9ebb163ea8f17e0a6938a9c650938b69c6b8ff00812e8a6e53ac8b4fc3e9dafcb4ee9fb1edbf90bf90faa3c73e972e66de59c5294a2dc537b5734fdcaba4c91c4f14722d1192963b5c5767ec7aec5af2347965d3649e1cf194e2a795a7b70aa8b9ba5967c8dcf2350d0e292f7e4f4daf2896bca268f2be8e528cdcb22591a5534b86957ee75f4b2470638639a8ca096ed6cebb1dafdc96bc8d1e45d0b7a54f2ba4a5b4556f27b961d366c728ca39a2da8287c51e5267aad7917ee5d57957472d5ea7acfd4d7af8dbc71f21f814a1892c8d383b6ebf32bba67aafdd0b5e4bb4012fdff616bcfec41412ff00ba17fdd14504bf9fd85fcfec0504bf9fd85fcfec51482fe7f61f47f600dd2ff733aa314a53d97645abddf0b8449a7f0ca2aebb0557922a557cf827a8b5e9a75757dafc18d134b4a49a696f7c50d33f52abe1d5ab5590c8d472b6d5c6934da77c859255728aa717254c91c737a6324928a6aef9b0a13924a492518b8da7c8382c938d3934d4a2daa5c131b9a9c1ca6e5ad6e9f6f91638e72a534928c5ab5dc63864d50d7a6a0b6aee178ec6666cccb9458cc7306f42ee06ae869192a2234000811abd8a4031ba75dfb7b8694934d5a66da4d5330d35cdfcd7fb955c3274f6ee2f75f7384a1353d4d352e2eda3dc9df1bfc85fb99be635af0b8eb6949371f09ff43ac30ce6ee5b6f7bff007b9e9bf7293e21acc20a0b6fab656ffe179177effe812af9f934852eedfdcba57bfdc854f608695eff0071a57f6ca009a57f6c694504134a1a5782802695e0ba57828a64c134af029782d0a1814bc0a5e0a0b8894bc0a5e0a06094bc16978006094851400a1401000000005000000000000000010a0140850040d8688d30a003ee5149762c10185c13b05c1452f60460000416c772003446523e022300154a080641514c96c0a080229000238a7db7f288e2ff0057dd1a0159a7fabf61a577dfe6688028c9b2356070cef2270589ad4dbd9f0d570727d5b5072516eb7d32e79aa3d2f9dc6ddd2dbd82b967cba7a694a12a69a56bb6e6566cb8a5284e2a4e29cb9df4f6f99df6f0135b5a5fd023ccfaa9b8b4e318b6934ef6571bfb917572589455397a6db6f9524acf6d2ae17d852be17d80f1fe2258a13b69b8d694eeded6f7353eaa518ce5a6349d47ff002dacf552f0852f0bec41c31f5129e751d2b4b6d27df64bfa9e932aacd15000000000000000000010000000000f0e359f1c71af8b2465f12be62fc3f63dc00f3e0c9925b644f7aa7a6bb6e72cb19bcf92d4f47a90f9556e7b401c3a68ca2a776a2e6dc13e523a26fd692b754a969dbee6c000014000000000000092e0a1f006485a629954040050b81d827b015820b201480a28008291f0523e02202305550c020000a2d8216c00008800502000080a02b1271d4a2e4949f0bb994d55a6a8997047349393e16cd729f9472fc236d3964baaedcd01d8ceb8a9a8b97c4f8470fc24a2b4acb5c37f4379702cb2949b69b4927e02bba957c8d9e27d245ff356dc7dff00a9a87497ce4b8a7c57ba7fec0af5f633932431d6b9257c1c174ad29454da4d25bfeffb6c59f4dae18a3adaf4d55d72447a3ea48e48c9c927bc5d33ceba48f7937bb77dddff004b0ba4aaff003365252aaee883bc32c277a65f73a59e57d1a7071591a4d28bdb9aff00d9db16358934b76db6d951d010a410a44aaca5000140000000000000000000000000000000000000000000003e011f0040102a8c25b009ec0050e4a04280000044523e007c013ee080aaa19132b0000000002a042d8000a44405200050079fa8cd2c49688ea7ccbda3dcc3ead46d3f8b79355e1707aa894bf4afb057965d5269ea8696b8df9f618b2bc8e5b249535f547aa97844714d780bae66f1f0ce6d6974d1bc7c30b5b0514465002d100a01510a01044eef8e4a0140005000000000000000000000000000000000000000000000333571fa9a23e009642a41ec553b05c0a2ae0000080500220290007c01cec159a0681460d2768c9570154001000010b64006810a9800011028000871cd9678a71a86a8d372ae52f2863ea633693e1afcddbfbdc0ea0f2aeadc60e528eade5b2da922fe29a6f672ddd2d9717fd02bd128a92a338d38a699a8494e119ae24acd00438e43692dce7296a03a7c8a718cb4bf63aadf740b14004400000113bbf9940000a0000000000000000000000000000000004bdc3201a044ca000004dfc93e6cd1028993b96800ec10080a000880a0010a46046e9122591225550001934b83269701548d514111086a885100003b94100d02140a00222371524ad6a7c2ee44a2d5a49a39e6c0b34d49ba715f0b5ca7e4cc30e5834fd44da55ecc0eade38ca9e94d914218a0f6a5bb6dee478e4b34b245af8924efb51c574b969de5a6ef8e3703d253961c52c6e6dcb5293b5ec75e530ae7295fc8c95aa7b90341632d3f2f993ea58ad4e901d805b204600000044aaf8e4a00005000000000000000000000000000000000642b3200a4e48e6971b856c1134d5a28400004000028ec10000010000000151f04895f048946800060b1e086970154004403002210ad02a80850214800d22992a20f3f53d44b0ce2a293b8b6efda84bacc714dd3d8eed42525a945bed64d107be88bbf608e3f8b516d4a3fccd2a7e0e98732cc9bd2e2d767f2b37a2376e31bf90f8637c2eec0d128a67d487a7ea6a5a3cf602b56a8e524e2f7e0ec46af90b2b94536cea95209570085ba00088a088a5113bbf9940000028000000000000000000000000000000008c869999b6a3b01252a548e6c301b58cb49d534d5a389a837a904b1d4800640001400008000042854290141f04895f04881406e80128ab8000a0000002204650150869a214010a0000071cd83d5c919ead328af864b94cc2e9f336b5645a6926a36aeb9359fa9f472c31b4be35b37d9fb8fc66349b6a54af7ae6b620c2e9b3a8a4b2ae536db7768de7e95e69c9eaa528e96bcaffd87d6638a9369ad3fbef469f55049da76a5a5aee98473fc366bdf2df9f7e36fdbf722e8f27a6e2f22a71a5e17d0dcbacc71d5b37a79af1cd9726770cca34b4ac6e6df703d00f2fe2d4b8b8f94d5f75fd4eb833acf7516a927bf8607521410400100a01448aabe3776522777ecca0000500000000000000000000000000000000014001ca5169fb13ea756ace6e12bdadaf986a54f65c9d231d3f324634b7e4d04b4042840a400504b25816c80154290001dc150125c12257c122025c80f901540011400400000001408d1410421414010a0626b1b7f1a8eeab7ee83862b51708dbdd268e3d574f2cd38b8b54a2d6fef4667d3669ca4dcd27be9a6f620f4430638c5ad0a56dbb6acae1893a9696e4ed6a3cf2e9f3ce52bc8927e1bf1ff00a3797a79e49e396a571493bf36981d74628b51d304e5c2ae4d3845b4dc536b6dd1e65d3e7d6a4f246d4b556f5c6e8d63e9f2ac8a53c96b56aa4df808ede9435ead2aeaabb1a514b8497c8a00000000080400809514cc555f1c9a00003400000000000000000000000000000000000004290010ac8142900450106c03220170550000014010586c8057c1115f044049720af9015402840000000400004000140c06040521472cb95e39c535507ccbc3f0737d5a58ef47c7a7569bf7a3bca31724e495af24f4f1275a2372f6e48312eab1c5d3be69fb6f459e750cca0d5a69efefd91bf4e16de88efcec5a8cbb45f70384fac8fa770fcce2dabed5e4f52e0e7e9c3f447ec6d045000000000010000044eefe6525140000a00000000000000000000000000000000001001400065a3400c82d0b0a5900280402e00000006ca1a20c8ee022ab4f8328af8220835b80c055000450000000000000010002360504281e7ea304f26584e124b4a769ff0037b333e8e6b52734e4af97b6fe0e99b3ac338a92f85c5b6fc5189f55149a4a49a57ba035871e587ff64f52d35bf93961e9b2e38420f26cb9a74ceb3ea12c539c55b83a69995d5c14139aa7bda5da80e70c79e49d4a49f993dbff00674787369925915c9776f6dc47ab54fd454f5b8a4b949793ae2cab2a6d26a9d34fe56072f4334a4dcb22a7569367a31a9471c549dc9249bf25291021401000414005112abf99489dd940000a0000000000000000000000000000000000000085004280210d11a02000aa1520800a142c9640099792328321507c807c111591007c80f9015500022821400200290002804004000a5325033386373529d5a4d2b7d98d18dbd3a62dd71ec633e2791e36926e33b77e0e51c19f5a9b9d4b8d9f6be083d2f1c5a6b4aa7cfb9978f12696985f08e2f0f52e2af2534b6dfbf9359f04b2ce555528a8df8dc0da8616e9460da3a28a8f0923cbf87cdea6a5349eeaef856558ba9a8dc92a69fe6f15febb907a81cf06378f1283ecdf7f73a01410a10005800000a044aafe6500000000280000000000000000000000000000000010000521400046019002aa93b0400000022be088af8022e43e42e43e5007c12257c110060301550002280008010016c800a08500c85000a429072cf9258de3d2a2d4e5a77ec61f570d2f4dda56db5b2de8ed25075af4f36accac78a3f0e982bede40e2fabd2adab4a5253aed46b3750f1ce2a31d51d3aa4fba47578f1fe88fd8af42dde95b56fe0238beae09ab8cd5ef75dbc998f56ae4e4aa371515de9ae4eee18e2936a292d9593d3c3b7c10f2b60ae31eae94de48d28ab54fddaafd8dfe2e1beceb569bf3fdd9d3d3c6eae117f42fa70fd11dbd8831873c735e94d553dfba675228c57e5497c8a000050290a822277651540800010000500000000000000000000000000000642b23004293b0029072156c80000902ae0a220114080a2c024462c72010ee56640ac88af82200c0602a8214205214084280200502141400040280083cdd5e09e671d35b29277ee4cbd3cf2eb4f4ad7151bbe29f26fa9ea1e071a8a95a6fec665d4ca1adb826a3249d3ecd5d8172609e595b969b8b84b7e63fd4c4fa6c93c118c9c7546973daa8ef8b2acae74b68ba4fcaf27408f3fa59356397c2fd34e29767b2dcce5e9f3658e2f8a11963df6e25b71f23d6008b8dc148400005000502801112abf99489ddec520000a0000000000000000000000000000000023018004012b0a15214508128a008106170040915720aa50a02c8142c3e0850200069f065725644f702b047c80a148508000000000000a400000180292c0125084eb5c53ae2cba23bbd2adf3b14104518c78497c8a00450428000104052002900140001248000000500000000000000058002c9a901419d4bc32ea02802c0002c03325640a15048a10000000800201001d82e4760a2232a1dc03e0857c10a042900af822457c04065f3dc15f20285222840000000000000016bc806c80050a4041cf3659627075f03fccd6ed7d3c1ce5d4e48c26f426e32aa5dd2e5fd8ed36a2e1714edd5f8139686aa2b7bdc2397e27fce9476704ad3f3b76243a99b70d551fcca6aada6bc1d3d587e95a52bba2fab1d3924926e0c2394fa99c3d4f857c1f125faa3f3f25975138e4d2e2ab4bdff00f2abafb1d1e5c694a96ebf32aff523cd1a8d46edefb01c63d64fd0f534a6d3dd25ba8ed6758e59bf5db716b1fe5a5ced674d70d4969fccaee8cc7342a6e9547c7803943a8cae5053514a5172bf6d83ea72528ca2a33b8a978ddf28eef2434ea716d274b632f2c64952be39441cbf1534d5a4d29e99492fe5e13fb88e7cb2c7196cb564d1c76ba3b432465a952f8578ec459a34fe1efb2fa585719f5734a751e24b4d2ddc59a8f532d58b56971947792e14b9474f5a1b5ade93d91659611c4e55c767b6e118e9f34e72d19125351b75c3f0d1e839bcb18f2b6d3aad1239937bed6e93f20750738e68cf8baabb6657511b77b2dabea80ec0e7eafc0e493755b7cc8f3c6da56eb960750705d46c9d6d6d4abb51a9e78c1b524f6dafdc0ea0e4f3a5cc64bb7d4c7e23e1e3e2df6f1b947a087259d6cb4fc4fb263f111ec9bdfb7f7ee0757c1836f8316160004ac2b60148ca0000028280000004b0009650a1512836101d82258554184180ec42a14510214003088ca047c80028521488000a00000011bae009274bdcc8bf7fdc96469a52f3f73462cb17d823451402333928a4e51b57f662549c63a2def449e94e2e4daa7b50928a714f537bd572065cb0b829694ef854552c35c25a9715c8d38a2d3aabd92be0471e35255bbf9f00597a516938abf908bc4e5a555df04ac736e6f6775c851c516a9ab5bf3f4b02b96269dd54767b704bc2de9a8b7c701c3149d36afc5892c49e86b7f67fdf920d6bc7a53db4bdd6c4d786f98fd89a71b50dea3bed7cd9547169daabe610d7893dabec452c17b69fb198ac70bb6e496e8d4a18b526da492a6af9401cf0c77a5befb2e4dea82b5b716d57632e38a30737f952e7d84bd294aa4d5c6be8035e39dda5b71b762de36926a34dd2db9269c3b4697b5333a71c674f76b75ec076514b8497d09a21fa57d891c90704d4957bb2b9c5732480b4aaa90d315c457d89ae3ddae2c8b2c1b7f12d80d698fe95f62688ea94ab77c85922ef7d97732b2464fe1926fc228d52f0828c7f4afb1ce396128a7a92beccbeb4146dfdbb856f4c571157f21a62b84bec4d71b4aff37045923272a7b2efe4236f83025923a1b4ee9a4675c3556a57e02c692b66ea918f531a8a7ab62bc905beae15fd08340c7ab0de9dd723d683e1dfec11b0738e552928f0dab3a01400510a0802c8180a5800a2d808590088308a052000d0b28209643442851195b201017ee0285200280020000046aca00e7b90e8d5982341a8a7c88c7bb341000046670d6926dd721c6da7a9daee5724b9697ccb75cec073782326edcb7dcb1c694f55b6fdcda69f0ef6b16aead5f8039fa11dd272a6edabee3d08d356d5f34752269ab4ed0188e18c78b0f0c5caedf3674236bbb5b1073fc3c2ab7aaaaf634f126edca57ec6b5255badfdcb6972d0473fc3c34e9debfbfea1618da76dd716f83a6a8f95befc8b4fba032b1a51d3bd7833e84134d5edc1d401cd618277bf361e18376ef9ba3a00397a10db9dabbf8e02c11a8a77b2f275006278a3369cb95c11e18376ef676bd99d001ca58a0df75f20b1c53b5d8e8c85573f461efc55df6f058e2827b23611465e28d25baae299160c6b84d6d5767404461e283c6f1d7c2fb11e08e96a3b5d5fb9d410738e28a69bb6fc93d0c7e1fdcea4033e9c3c76687a706f746c01cd628292928eeb866ca4005202813ea0051060001560a040014020000000000010000007f9501400040005500040000000000000004000019c90d5a6ab677b9858a55f14ed9d401ca18651d373b71adcbe9caa6a2eb53bbee8ea40397a524de9955b4f7f622c39145454d6ceecec520e70838c5abbe3961e36e6e56b777fb51d001c7d07493927b69e3b1562945c9a9277bab5dcea0239470d35c52ad8d471e97076be18e9e0e80000000000000000008f921590aa040a80140220000000021400202802068a0a320b40010a50202802000aa81148800000000010772ff37d008bb8fe541771fca80a0003252022a94800a08022820028258b2aa820b2228200282002800014808282002820b08d03365b028200282002820028258b00c846ddfd01554a9194cb64a340962c2283365b0282592c0d03362c0d03362d81a04b1651482c806819b16c0d0258b00096c96c0d1112c2655504b608282587c7d00afb7cc7f37d08df03f98a0bb8fe5417727f2a0340003fffd9, 'Rejected');
INSERT INTO `vehicle` (`VehicleID`, `StudentID`, `VehicleType`, `PlateNumber`, `VehicleModel`, `VehicleColour`, `VehicleGrant`, `VehicleApproval`) VALUES
('V007', 'CB24001', 'Car', 'ANN1267', 'Honda City', 'Blue', 0xffd8ffe000104a46494600010100000100010000ffe201d84943435f50524f46494c45000101000001c800000000043000006d6e74725247422058595a2007e00001000100000000000061637370000000000000000000000000000000000000000000000000000000010000f6d6000100000000d32d0000000000000000000000000000000000000000000000000000000000000000000000000000000000000000000000000000000964657363000000f0000000247258595a00000114000000146758595a00000128000000146258595a0000013c00000014777470740000015000000014725452430000016400000028675452430000016400000028625452430000016400000028637072740000018c0000003c6d6c756300000000000000010000000c656e5553000000080000001c007300520047004258595a200000000000006fa2000038f50000039058595a2000000000000062990000b785000018da58595a2000000000000024a000000f840000b6cf58595a20000000000000f6d6000100000000d32d706172610000000000040000000266660000f2a700000d59000013d000000a5b00000000000000006d6c756300000000000000010000000c656e5553000000200000001c0047006f006f0067006c006500200049006e0063002e00200032003000310036ffdb004300281c1e231e19282321232d2b28303c64413c37373c7b585d4964918099968f808c8aa0b4e6c3a0aadaad8a8cc8ffcbdaeef5ffffff9bc1fffffffaffe6fdfff8ffdb0043012b2d2d3c353c76414176f8a58ca5f8f8f8f8f8f8f8f8f8f8f8f8f8f8f8f8f8f8f8f8f8f8f8f8f8f8f8f8f8f8f8f8f8f8f8f8f8f8f8f8f8f8f8f8f8f8f8f8f8f8ffc0001108017b022403012200021101031101ffc400190001010101010100000000000000000000000102030405ffc4003910000202010303020404040504030100000001021103122131044151136122718191143252a10542d1f01523b1c1e1355362f124333472ffc400160101010100000000000000000000000000000102ffc4001b11010101010101010100000000000000000001112102123141ffda000c03010002110311003f00fae5200aa52142000023442b692b661fc5cfd82aea575cbf086a7e12f9b27fa780555d4fc2fb975794d109f2d8263a039f1edee8da77b70c827b02b200008c0a16e08d9056000007008281c00052008a0000000000000000000000000028000010a00850401c949c02877000000a01000011bf1c86e89c052a90ec1f03b14520040001442a5b92bc9572025c19352e0c31162000ad3a8214cb0148508961ba560cc9ee97d5854bb77dff00d0a888a550e39a6d45a8daa6adfb199f5294d463cf96b937283a526d6aadef6337d738ac639e972a6e51daafc9dce5086a76da6976bb339334b14ea5f12f65c93cdc9d31e827f7f22464a51b468d22dbfd2c5bfd2ccd7b0a098adbfd2c6ffa593626dec456b7fd2c5bf0ccedde8bb016df81bf826dec36f620d5bf1fb8b7e3f733b794cbb7802efe3f716fc7ee4b4b9a42d794116fdbf72dfb7ee635453a6d58d70fd51fb81bbf65f716fdbee654e2dd292b0e704e9c92606adfb0b7ec65e482e6487a90d5a752d5e0746adfb0b7ec4949455c9d233eb63d3ab5ad3c5f60376fd896fca32f2e350d6e6947c886584d5c656bcae0746edfb0b7ec73867c5925a613527e109e7c58e5a6735197863a3a5b25bf26279b1e3928ca54e5c2f274025bf6fb177f3fb1ce39f1cb23c6a5f1ae57833f8ac2f26853b9f85c8ca3adbf3fb0dfcfec707d774d1752ca935ca7d8b1eb304e329426a518f2d762e51df7f3fb137f3fb1cf1f518b24253c72d518f34663d5e19e39648cae11e5aec328edbf9fd85bf3fb1e6ff11e97feea3a4ba8c71c5eaeab8794328e9bf97f62dbf2fec793fc4ba4ff00b9fb1b9f5b831a8b9c9a5256b6e4b9477dfcbfb177f2fec7963fc47a59c94564ddfb1db367860c7ea64751f23074dfcb16fcb3960ea31f51172c6ed2d8ce7eaf174f24b2376f8a28edbf962df9661668bc3eaade3566307578ba8d5e9b6dc7b3183b57bb15f338e0ea61d44a5185fc3c9d8095b77096ddfee508295f3fb92be7f73446e8233b77724be658a7cbbf64fb04af77db846800ee0006ac92546cc4fb023006e0adba2290a65850004431cb7eecd985c2f9b2ac539679a8429bad4eb6e4ea79ba8929bf4e2d4bb4f7dd2f267d5c8d473c36b53c8db78b9ae1b3c99faa9e4cce10a6eeadf9f63db15ffc67bdd354fd8f990c52865c526ef549fd0cf892feadb67e3ac25d4464ad2927dd6cd1ee8e4f5b0eab6e58f7b5dcf245e8c9182bf8ee4d9d7a0fcb92f8f8bfd4586bb74b2d325194ae535a8f59e1c6fd39eb9354dfc72f7ed47b534d5add17c5e2550086918cdabd2968fcd5b1f1e2e93fc4faf19dfe65c23ece4829c1c5ed678bf07d4c538c73dc5fea5745952b0a77d065d399e4d3c4b868efd0e44ba5839cb77e7b99c7d07a7d34f1a97c53e589741aba5585cbe28bd98b839f5527fe21834c9d3fdcb06ffc5a51bf86b8ec6f1f4591e7864cf954b470923a47a592eb1f51a96fb691b070fe1edbeaf3a6db49ec99f44f02e832ac939c33e8d6edd23d3d3e29e28b53c8e6dbe593d651e5fe2ada58e9b5bef4cf34f46b87e19e573bdeee8fa3d574bf8970f8b4e977f33ba518c537a5572c4f52447cbeb37eb60a4a52b8ef18bdd9be961159d358b241a5cc9ec77cfd27add42c8b3689d6c9724c583465ff00f5eb7c696d17783c385bc797d7bd965d32f93ee4ea1fa995e7bd9e5d0be4bb9eefc1e28432c25957c5f14adfe522e97a79e28e38e64d63f8b67fbb2ec463acff00f774bf234ffeb49ffe076c98b0e59e1cd2cabc41a7b364cdd1e1ea334a72c8f54767a5d51362baf56d3e97224d7e567cc8ff00d15fff00d1eac587a54a7187516a51deddedec163e93f092c4b37f94be26ff00e44e0f039b947a75d445ae9d6cabbfb9f4faccb1e9fa17e9d2b551a2cf074cfa7582735a631d49df0bc9ce1d374b9e11c71c8e4b1ee93b4d7fc0b651e0c33c7d3e5e9e78e69b6ab2533bff0010c6b37f10c506e949728f56687459ba6d72945624e9c96db96587a68e4539e47ab14534dbe1761bfd1e079253cdd363c97eae29697fec7db478a70e933e5595b6a7a9456cd3bedb1e85d462dea7694942eb6bf04f5d1f2b37abfe219d605f1354df8476fe112c3f1474d66eedf2cf43fc360ea2799b96b4ea6e9b48ccf1f4919c7a89396394a549b4d6ff0022eecc1e2829beafa8d10c7277bebff63d094974b9f5c611969db43d8e93e9ba2966c919dbc915aa7f2f275c3d1f4eb13f49350c8b7f745d83e6e06fa6c38f3ad4f16455912ecfb335d1ff00d37a93dce5d263e9141dfa4e4e355f7350c1d3c253e9e116ae2a525d9a168f274df86ff0e5eae8d54f9e4e1d3dff0085e7bfcb7b1edfc2f43f88f43d35ea559b593a5cbd36949fa7a941c52ee347870bcab0434e4e9d2adb52dfea5ebdff0099d369a6fdf86cf77f87f4bff662747d261969b8de8fcbec3ea18f97d52cbeae15d4638422e5fc9dcebfc472c659b161ddc6352924acfa197a7c59abd48eaae2c47a7c51cbeaa8fc6fb8d1f3ba2cd1c7d74e2938e3c9bc53546279639bacc9294253824e0b4c6f73eacf0639cd4e51b92e1f818f0e3c57e9c6af91aaf9dd1656fa4cd825f9a0b64f9a3874f0963e9e1d4e24db8b6a6bf523ebfe1f16a72d1bbe5f9351c50845c631a8bec347cffe13252c99e4b86ecfa46218b1e37708a8df8362805c0ec2f6228dd04ae9b55e104af77f4450800080544ec5ee053133466658460060adba22a2762a32c28002073e1b5ee743135ba7f4615257a5d735b1e2845cd3df4c9f0976f63da79b363709eb8f7fefee67dcfeb51cf1e4c6b24a15b354eb8f998cd833c2fd369a7dead7fc1d5bf562b4b51977db932b24f1b6a2dc5463c4bbb3138d3cf87075325a5bdbe5bfdcf4cf4f4d81c2b537f9b4f833f89c99637193abe1f2d7734a34d4ee518bdf4be596dd11462e1af5695c52e133d1d3ead0dcab77d8e09bcf28d717b78fa1ec494524b845f112807d197e86d9405fa31f460405dfc315ecc80053f0c6fe080527d1977f0103cfd5c72e4c73c50c7aa338d6abe1fb9e8fa003c73c199e7f5d463aa125a537be95cfdf730ba6cd6968d965d7bb5557f73de52fd0f1c706659d66718ea949eb57be97efec1f4d91e29e38a8c7d4cadb7ff89ec03e91e1fc1c9b58e6a32c4a6e5b6d49ae12f99dba7c3931bcdea4949caaa5e5255b9e80368f1e3e89ae9e319c9b9c60d455fc29b46574b99f4fe9492e23ce4725b3f15b1eeb03ea8f0cfa19394d466963d3504ff95ddd7c8dcf0f53925396a843543455dd7b9ebb163ea8f17e0a6938a9c650938b69c6b8ff00812e8a6e53ac8b4fc3e9dafcb4ee9fb1edbf90bf90faa3c73e972e66de59c5294a2dc537b5734fdcaba4c91c4f14722d1192963b5c5767ec7aec5af2347965d3649e1cf194e2a795a7b70aa8b9ba5967c8dcf2350d0e292f7e4f4daf2896bca268f2be8e528cdcb22591a5534b86957ee75f4b2470638639a8ca096ed6cebb1dafdc96bc8d1e45d0b7a54f2ba4a5b4556f27b961d366c728ca39a2da8287c51e5267aad7917ee5d57957472d5ea7acfd4d7af8dbc71f21f814a1892c8d383b6ebf32bba67aafdd0b5e4bb4012fdff616bcfec41412ff00ba17fdd14504bf9fd85fcfec0504bf9fd85fcfec51482fe7f61f47f600dd2ff733aa314a53d97645abddf0b8449a7f0ca2aebb0557922a557cf827a8b5e9a75757dafc18d134b4a49a696f7c50d33f52abe1d5ab5590c8d472b6d5c6934da77c859255728aa717254c91c737a6324928a6aef9b0a13924a492518b8da7c8382c938d3934d4a2daa5c131b9a9c1ca6e5ad6e9f6f91638e72a534928c5ab5dc63864d50d7a6a0b6aee178ec6666cccb9458cc7306f42ee06ae869192a2234000811abd8a4031ba75dfb7b8694934d5a66da4d5330d35cdfcd7fb955c3274f6ee2f75f7384a1353d4d352e2eda3dc9df1bfc85fb99be635af0b8eb6949371f09ff43ac30ce6ee5b6f7bff007b9e9bf7293e21acc20a0b6fab656ffe179177effe812af9f934852eedfdcba57bfdc854f608695eff0071a57f6ca009a57f6c694504134a1a5782802695e0ba57828a64c134af029782d0a1814bc0a5e0a0b8894bc0a5e0a06094bc16978006094851400a1401000000005000000000000000010a0140850040d8688d30a003ee5149762c10185c13b05c1452f60460000416c772003446523e022300154a080641514c96c0a080229000238a7db7f288e2ff0057dd1a0159a7fabf61a577dfe6688028c9b2356070cef2270589ad4dbd9f0d570727d5b5072516eb7d32e79aa3d2f9dc6ddd2dbd82b967cba7a694a12a69a56bb6e6566cb8a5284e2a4e29cb9df4f6f99df6f0135b5a5fd023ccfaa9b8b4e318b6934ef6571bfb917572589455397a6db6f9524acf6d2ae17d852be17d80f1fe2258a13b69b8d694eeded6f7353eaa518ce5a6349d47ff002dacf552f0852f0bec41c31f5129e751d2b4b6d27df64bfa9e932aacd15000000000000000000010000000000f0e359f1c71af8b2465f12be62fc3f63dc00f3e0c9925b644f7aa7a6bb6e72cb19bcf92d4f47a90f9556e7b401c3a68ca2a776a2e6dc13e523a26fd692b754a969dbee6c000014000000000000092e0a1f006485a629954040050b81d827b015820b201480a28008291f0523e02202305550c020000a2d8216c00008800502000080a02b1271d4a2e4949f0bb994d55a6a8997047349393e16cd729f9472fc236d3964baaedcd01d8ceb8a9a8b97c4f8470fc24a2b4acb5c37f4379702cb2949b69b4927e02bba957c8d9e27d245ff356dc7dff00a9a87497ce4b8a7c57ba7fec0af5f633932431d6b9257c1c174ad29454da4d25bfeffb6c59f4dae18a3adaf4d55d72447a3ea48e48c9c927bc5d33ceba48f7937bb77dddff004b0ba4aaff003365252aaee883bc32c277a65f73a59e57d1a7071591a4d28bdb9aff00d9db16358934b76db6d951d010a410a44aaca5000140000000000000000000000000000000000000000000003e011f0040102a8c25b009ec0050e4a04280000044523e007c013ee080aaa19132b0000000002a042d8000a44405200050079fa8cd2c49688ea7ccbda3dcc3ead46d3f8b79355e1707aa894bf4afb057965d5269ea8696b8df9f618b2bc8e5b249535f547aa97844714d780bae66f1f0ce6d6974d1bc7c30b5b0514465002d100a01510a01044eef8e4a0140005000000000000000000000000000000000000000000000333571fa9a23e009642a41ec553b05c0a2ae0000080500220290007c01cec159a0681460d2768c9570154001000010b64006810a9800011028000871cd9678a71a86a8d372ae52f2863ea633693e1afcddbfbdc0ea0f2aeadc60e528eade5b2da922fe29a6f672ddd2d9717fd02bd128a92a338d38a699a8494e119ae24acd00438e43692dce7296a03a7c8a718cb4bf63aadf740b14004400000113bbf9940000a0000000000000000000000000000000004bdc3201a044ca000004dfc93e6cd1028993b96800ec10080a000880a0010a46046e9122591225550001934b83269701548d514111086a885100003b94100d02140a00222371524ad6a7c2ee44a2d5a49a39e6c0b34d49ba715f0b5ca7e4cc30e5834fd44da55ecc0eade38ca9e94d914218a0f6a5bb6dee478e4b34b245af8924efb51c574b969de5a6ef8e3703d253961c52c6e6dcb5293b5ec75e530ae7295fc8c95aa7b90341632d3f2f993ea58ad4e901d805b204600000044aaf8e4a00005000000000000000000000000000000000642b3200a4e48e6971b856c1134d5a28400004000028ec10000010000000151f04895f048946800060b1e086970154004403002210ad02a80850214800d22992a20f3f53d44b0ce2a293b8b6efda84bacc714dd3d8eed42525a945bed64d107be88bbf608e3f8b516d4a3fccd2a7e0e98732cc9bd2e2d767f2b37a2376e31bf90f8637c2eec0d128a67d487a7ea6a5a3cf602b56a8e524e2f7e0ec46af90b2b94536cea95209570085ba00088a088a5113bbf9940000028000000000000000000000000000000008c869999b6a3b01252a548e6c301b58cb49d534d5a389a837a904b1d4800640001400008000042854290141f04895f04881406e80128ab8000a0000002204650150869a214010a0000071cd83d5c919ead328af864b94cc2e9f336b5645a6926a36aeb9359fa9f472c31b4be35b37d9fb8fc66349b6a54af7ae6b620c2e9b3a8a4b2ae536db7768de7e95e69c9eaa528e96bcaffd87d6638a9369ad3fbef469f55049da76a5a5aee98473fc366bdf2df9f7e36fdbf722e8f27a6e2f22a71a5e17d0dcbacc71d5b37a79af1cd9726770cca34b4ac6e6df703d00f2fe2d4b8b8f94d5f75fd4eb833acf7516a927bf8607521410400100a01448aabe3776522777ecca0000500000000000000000000000000000000014001ca5169fb13ea756ace6e12bdadaf986a54f65c9d231d3f324634b7e4d04b4042840a400504b25816c80154290001dc150125c12257c122025c80f901540011400400000001408d1410421414010a0626b1b7f1a8eeab7ee83862b51708dbdd268e3d574f2cd38b8b54a2d6fef4667d3669ca4dcd27be9a6f620f4430638c5ad0a56dbb6acae1893a9696e4ed6a3cf2e9f3ce52bc8927e1bf1ff00a3797a79e49e396a571493bf36981d74628b51d304e5c2ae4d3845b4dc536b6dd1e65d3e7d6a4f246d4b556f5c6e8d63e9f2ac8a53c96b56aa4df808ede9435ead2aeaabb1a514b8497c8a00000000080400809514cc555f1c9a00003400000000000000000000000000000000000004290010ac8142900450106c03220170550000014010586c8057c1115f044049720af9015402840000000400004000140c06040521472cb95e39c535507ccbc3f0737d5a58ef47c7a7569bf7a3bca31724e495af24f4f1275a2372f6e48312eab1c5d3be69fb6f459e750cca0d5a69efefd91bf4e16de88efcec5a8cbb45f70384fac8fa770fcce2dabed5e4f52e0e7e9c3f447ec6d045000000000010000044eefe6525140000a00000000000000000000000000000000001001400065a3400c82d0b0a5900280402e00000006ca1a20c8ee022ab4f8328af8220835b80c055000450000000000000010002360504281e7ea304f26584e124b4a769ff0037b333e8e6b52734e4af97b6fe0e99b3ac338a92f85c5b6fc5189f55149a4a49a57ba035871e587ff64f52d35bf93961e9b2e38420f26cb9a74ceb3ea12c539c55b83a69995d5c14139aa7bda5da80e70c79e49d4a49f993dbff00674787369925915c9776f6dc47ab54fd454f5b8a4b949793ae2cab2a6d26a9d34fe56072f4334a4dcb22a7569367a31a9471c549dc9249bf25291021401000414005112abf99489dd940000a0000000000000000000000000000000000000085004280210d11a02000aa1520800a142c9640099792328321507c807c111591007c80f9015500022821400200290002804004000a5325033386373529d5a4d2b7d98d18dbd3a62dd71ec633e2791e36926e33b77e0e51c19f5a9b9d4b8d9f6be083d2f1c5a6b4aa7cfb9978f12696985f08e2f0f52e2af2534b6dfbf9359f04b2ce555528a8df8dc0da8616e9460da3a28a8f0923cbf87cdea6a5349eeaef856558ba9a8dc92a69fe6f15febb907a81cf06378f1283ecdf7f73a01410a10005800000a044aafe6500000000280000000000000000000000000000000010000521400046019002aa93b0400000022be088af8022e43e42e43e5007c12257c110060301550002280008010016c800a08500c85000a429072cf9258de3d2a2d4e5a77ec61f570d2f4dda56db5b2de8ed25075af4f36accac78a3f0e982bede40e2fabd2adab4a5253aed46b3750f1ce2a31d51d3aa4fba47578f1fe88fd8af42dde95b56fe0238beae09ab8cd5ef75dbc998f56ae4e4aa371515de9ae4eee18e2936a292d9593d3c3b7c10f2b60ae31eae94de48d28ab54fddaafd8dfe2e1beceb569bf3fdd9d3d3c6eae117f42fa70fd11dbd8831873c735e94d553dfba675228c57e5497c8a000050290a822277651540800010000500000000000000000000000000000642b23004293b0029072156c80000902ae0a220114080a2c024462c72010ee56640ac88af82200c0602a8214205214084280200502141400040280083cdd5e09e671d35b29277ee4cbd3cf2eb4f4ad7151bbe29f26fa9ea1e071a8a95a6fec665d4ca1adb826a3249d3ecd5d8172609e595b969b8b84b7e63fd4c4fa6c93c118c9c7546973daa8ef8b2acae74b68ba4fcaf27408f3fa59356397c2fd34e29767b2dcce5e9f3658e2f8a11963df6e25b71f23d6008b8dc148400005000502801112abf99489ddec520000a0000000000000000000000000000000023018004012b0a15214508128a008106170040915720aa50a02c8142c3e0850200069f065725644f702b047c80a148508000000000000a400000180292c0125084eb5c53ae2cba23bbd2adf3b14104518c78497c8a00450428000104052002900140001248000000500000000000000058002c9a901419d4bc32ea02802c0002c03325640a15048a10000000800201001d82e4760a2232a1dc03e0857c10a042900af822457c04065f3dc15f20285222840000000000000016bc806c80050a4041cf3659627075f03fccd6ed7d3c1ce5d4e48c26f426e32aa5dd2e5fd8ed36a2e1714edd5f8139686aa2b7bdc2397e27fce9476704ad3f3b76243a99b70d551fcca6aada6bc1d3d587e95a52bba2fab1d3924926e0c2394fa99c3d4f857c1f125faa3f3f25975138e4d2e2ab4bdff00f2abafb1d1e5c694a96ebf32aff523cd1a8d46edefb01c63d64fd0f534a6d3dd25ba8ed6758e59bf5db716b1fe5a5ced674d70d4969fccaee8cc7342a6e9547c7803943a8cae5053514a5172bf6d83ea72528ca2a33b8a978ddf28eef2434ea716d274b632f2c64952be39441cbf1534d5a4d29e99492fe5e13fb88e7cb2c7196cb564d1c76ba3b432465a952f8578ec459a34fe1efb2fa585719f5734a751e24b4d2ddc59a8f532d58b56971947792e14b9474f5a1b5ade93d91659611c4e55c767b6e118e9f34e72d19125351b75c3f0d1e839bcb18f2b6d3aad1239937bed6e93f20750738e68cf8baabb6657511b77b2dabea80ec0e7eafc0e493755b7cc8f3c6da56eb960750705d46c9d6d6d4abb51a9e78c1b524f6dafdc0ea0e4f3a5cc64bb7d4c7e23e1e3e2df6f1b947a087259d6cb4fc4fb263f111ec9bdfb7f7ee0757c1836f8316160004ac2b60148ca0000028280000004b0009650a1512836101d82258554184180ec42a14510214003088ca047c80028521488000a00000011bae009274bdcc8bf7fdc96469a52f3f73462cb17d823451402333928a4e51b57f662549c63a2def449e94e2e4daa7b50928a714f537bd572065cb0b829694ef854552c35c25a9715c8d38a2d3aabd92be0471e35255bbf9f00597a516938abf908bc4e5a555df04ac736e6f6775c851c516a9ab5bf3f4b02b96269dd54767b704bc2de9a8b7c701c3149d36afc5892c49e86b7f67fdf920d6bc7a53db4bdd6c4d786f98fd89a71b50dea3bed7cd9547169daabe610d7893dabec452c17b69fb198ac70bb6e496e8d4a18b526da492a6af9401cf0c77a5befb2e4dea82b5b716d57632e38a30737f952e7d84bd294aa4d5c6be8035e39dda5b71b762de36926a34dd2db9269c3b4697b5333a71c674f76b75ec076514b8497d09a21fa57d891c90704d4957bb2b9c5732480b4aaa90d315c457d89ae3ddae2c8b2c1b7f12d80d698fe95f62688ea94ab77c85922ef7d97732b2464fe1926fc228d52f0828c7f4afb1ce396128a7a92beccbeb4146dfdbb856f4c571157f21a62b84bec4d71b4aff37045923272a7b2efe4236f83025923a1b4ee9a4675c3556a57e02c692b66ea918f531a8a7ab62bc905beae15fd08340c7ab0de9dd723d683e1dfec11b0738e552928f0dab3a01400510a0802c8180a5800a2d808590088308a052000d0b28209643442851195b201017ee0285200280020000046aca00e7b90e8d5982341a8a7c88c7bb341000046670d6926dd721c6da7a9daee5724b9697ccb75cec073782326edcb7dcb1c694f55b6fdcda69f0ef6b16aead5f8039fa11dd272a6edabee3d08d356d5f34752269ab4ed0188e18c78b0f0c5caedf3674236bbb5b1073fc3c2ab7aaaaf634f126edca57ec6b5255badfdcb6972d0473fc3c34e9debfbfea1618da76dd716f83a6a8f95befc8b4fba032b1a51d3bd7833e84134d5edc1d401cd618277bf361e18376ef9ba3a00397a10db9dabbf8e02c11a8a77b2f275006278a3369cb95c11e18376ef676bd99d001ca58a0df75f20b1c53b5d8e8c85573f461efc55df6f058e2827b23611465e28d25baae299160c6b84d6d5767404461e283c6f1d7c2fb11e08e96a3b5d5fb9d410738e28a69bb6fc93d0c7e1fdcea4033e9c3c76687a706f746c01cd628292928eeb866ca4005202813ea0051060001560a040014020000000000010000007f9501400040005500040000000000000004000019c90d5a6ab677b9858a55f14ed9d401ca18651d373b71adcbe9caa6a2eb53bbee8ea40397a524de9955b4f7f622c39145454d6ceecec520e70838c5abbe3961e36e6e56b777fb51d001c7d07493927b69e3b1562945c9a9277bab5dcea0239470d35c52ad8d471e97076be18e9e0e80000000000000000008f921590aa040a80140220000000021400202802068a0a320b40010a50202802000aa81148800000000010772ff37d008bb8fe541771fca80a0003252022a94800a08022820028258b2aa820b2228200282002800014808282002820b08d03365b028200282002820028258b00c846ddfd01554a9194cb64a340962c2283365b0282592c0d03362c0d03362d81a04b1651482c806819b16c0d0258b00096c96c0d1112c2655504b608282587c7d00afb7cc7f37d08df03f98a0bb8fe5417727f2a0340003fffd9, 'Approved'),
('V695ac2c4e', 'CB23067', 'Car', 'JXD2345', 'Saga', 'Black', 0x89504e470d0a1a0a0000000d49484452000000500000005b0806000000e4d6026e000000017352474200aece1ce90000000467414d410000b18f0bfc6105000000097048597300000ec300000ec301c76fa864000012ca49444154785eed9c79945c559dc73ff72db574a73b9d4e872cdd9d448725912484244016460417049c80441867107099f1283a6e8822b880e2311cd07146464e104547d4e1cc8cdb38848830248018200984cdb024f45249a73bbdd45ef5debbf7ce1fafaabaea7575d25ba083fd39e776bdf7fbbddabe7597dffdddfb5aac3b6dad668a3163040d538c8e2901c7c99480e3644ac0713225e0389912709c4c09384ea6041c2753028e932901c7c99480e3644ac07132e9041442601806a669625a26a6696218064288e0a59302f17a6563eaeaea387df5e92c59ba8496d6565a5a5b689ddf1abcac82743a4daca393582cc6abfbdad8b96307bb76ec0a5ef69af29a0a78fc09c7b3f6ccb5ac59b796a5cb9606dd632293c9f0c4f627d8fed89f7864db23f4f5f5052f39aa1c55016ddb66d5e9ab587be63ad69db98ee3661f17bc6442d15ab3e7cf7b78f4e14778f4e1477971cf8bc14b269ca326605d5d1d577ee4836cb86403b66d07dd479d9e9e1eeef8fe26b66cde82522ae89e30265c40dbb6d970c906aefcc807a9abab0bba5f73f6beb2975b36dec2334fef0eba2684091570f98a53b9e6da6b58b07041d0f5baa2b5e6f79bb7b0e9fb9be8eeee0ebac7c58408180a85f8ccd59f61fd7b2f0cba2615d94c965b6fbe852d9bb7045d63c69cdfdc7a43d0381a4e3ce944be73db3f73c69ad541d7a4c3b66dce3afb2c9a5b5a78e2f1c7f15c2f78c9a81957207dd6d967b1e94777b070e1c2a06b5273ee79e7f2e3bb7f42734b73d0356ac62ce0864b3770d3c66fbe2e23ec44d0dcd2cca61fdec1a2c58b82ae51316a010dc3e0b39fff1c9ffdfce726edf46aa434cc68e0b64dffc6eab563ef7e462de079179cc7864b3704cdc72c914884afdcf0558e3b6e6c41fea8045cb27409d77ce90b41f331cff486e9dcf2dd5ba8adad0dba8ec88847e1c6c646beb7e9b6d29b68ad915292cfe748a7d31c38b09ffd0762f4f4743310ef2793c9a0a4c4300442f85996c9dce41b1b1b59f8a6853c70ff1f82aec33222012dcb62e3ad37f3e6bf7a33004a4972b91c7b5efc334fee7882a777efe240d70112c938d94c865c2e47369b259d49934aa7703d1710989639a9855cb07001a9549ae79e7d2ee81a961135e14f7cea139cbaf25400a494f4f5f5b3e5f79bd9f6f043c4629d28a5304c03cbb2b02c1bcbb20b793c814693cbe5882706e8efefc3f55cb41e77ec7ed4b8ea9fae62f15b1607cdc372c499c8a2c58bb8e3ae1f6018064a29ba7bbad9baf54132d90c524a6ccba6765a2d8b179dccbc79cdd444a380c0751dd29914a9540ad3b4b06d0bdbb6b1ac10d16894483832696b62dbab6d7cf00357e23a6ed03584c33661c330f8d6ad1b9975dc2cb4d60cc407d8b1f3715ccfc5344c663635b166f53a4e5b7506b367cf211a89166aa1452814665a6d1d331a1a8946a300680da669220a9967d334836f39296868682097cdb17b040988c336e1f517ad2f059aaee7b267cf0b80201a8e327ffe02def6d673686e6ec1300ca4f4fbc54422413295c471f27e1a4940241c61464323d3a6d56114fa40a51552c9e05b4e1aaef8d01523ca5f0e5b034dd364e3ad3753535383549258ac9378620021040dd31b58b9e234229108524a92c9043b773dc98e5d4f10dbdf496fdf21e2f1389e748984231886bfae615b36966df97da6211018084320987c4dd9b66d0cc360fb63db83ae0a86ad81e79e772e339b660290cfe589c70708d9216a6b6a59b26419b66d23a5a433d6c196fb37f3d4d3bb88c7e3384e1ecf93789e472a9da6e750378944a294d4b44c8b906d63088349a85b05ebdf7be111739a5505144270c587ae8042bc97cd66302d937038c4dcb9f3a889d600d0db7b88e79f7f16c7710987c2d4d5d53367f65c663535118d46310dffe55dcf2197cf95465fcbf27f5d431893b2f6150987c35cf2fe4b83e60aaa0ab87cc5725a5afd1532ad35996c06db0e110a4598d5741c4208a494ec3f10c3b44ceaeaea38e9a445bce782f5ac59bd8ea54b4ee12d8b973067f65c2ccb46087f049772b0cf330c3f269cec5cfcbe8bb12c2b682e5155c0f3df7341e9d8f3fc9c59c80e316dda34c2e1300089641cad35b5b5d398337b0e6bd79c496d4dad5fb30aebbad3a737d0d4340bdbb20a6bbba5979dd40175390d331a58b36e6dd05c628880916884b3cf39bb742e95c4b22cec904d7d5d7de94ba7d369229108f575f52c59b26cd85fc9322dc2e130a6397917c78fc4f9ef393f682a3144c073de7e0e916864d0a035b66d13b26d42a110004a292ccb221a8d52575f4f343278bde77948294bfd9d1002db0e611a16420c79bb638235ebd6d030a32168866a029eba7245c579b13916a76714440987c34423516aa23515c2ecd8f5140f6edd5a6afafe6bf841f3b15a032dcb62e9b2654133541570853fe72d6218c539ae45b11313c25f480a4722d8b65f2b8bb477b4b373d7aec05aecb1d1df1d8e15855c40900a019b66353167ee9c72138669625916a669f973310004e1509870384c2814c27507e78c5a69bf942c7e8d3dd63965f929411304055c506571c81006a6696159668528b665130a8509874208e1e706b5d6933ad3321e5ae7cfaf5a112a049cd73caffc140ab5c7324d4cd30f45942e344d21b04c0bdb0e61db618c42d00ca0d165b5f58d41b4264aa46cb02c5229e0bcb9e5a7250cc3c4344cac4226254831a61342e0380ebdbd7da59aa8b546293529ca785b48edb4a129ff8a7ce0755fb98ef3ff6630881e0bdffbfeed3cfbdcf37ce7969b39d813e3c9a7fe58b5ea57e7f05faee4ad7ad960ff5c7e41512f21c0326d4e5f79262d73c7b6f5e4b24bff9eb657db2a6c1502def8cd1b79fb3bdf5171c168d05af3d5af7f83bdfb5e65d36dffcae6077fc9038fdf4363d38c21df6fb099fbb5426b8dd21aad155a83d60aa58ae783c74a2bb452c8e279a976158ea54669855212a50ab5bff87c0faebaec6bbcfb9c8b039f7c645cf17797b3f795bd15b68a265c5333b48a8e9683dddda4522994f6bf48b4264c2277809ed45e7ad2fbe84deda537bd97def43e0ea55fe550aa8d43e9367a336df465dae9cf74f825dbc94036c64036463a17239d8fe1b99de49d03386e1742efc7710fe27a3d987423552f52f591f5e2e46482bc4c9257291c9dc25519143930145ed97c7cb4549b6d550a58eb6759c6c3a143bd64b3599cbc83004cc3c09539724e8a6c3ec9ccc800a824755682bc9b22efa570649abc97c6f1d2e4bd0c7999c6f132385e86449f43b65b92eb56d46434b24f23e2d0e80af480819110344a0b113711098b4c029472515aa2b5e7d760fcc4ae1006bab09a585e941a9c391d8e6abb308604d2e3416b4d6f5f2faee7914aa77ca3107ed25440a6cf24db1e2219b349b6dba47afd91dd9fa91818a68161fa9bcc0d43600ae86f0f13d12b89a8150cc45761b82b51f9951cec3d0d4baec4f05671a87f15965a85ad5792eba92762fb890b7f6003534730bd69985e0d9dedfb7972c7931565f733cf902e7ede515221e04816510e87e338e472795cd725914c16fa3685569a4cbf417c5f137dc9a598b9c524132791699f8593f5bf64395a433aa3688d0c306b9a41d8b6c8e53264b3872b698410344eb378dbc9863f6a08103ac4dcd02a2e3eeb53fcedbb3fcdecc6560e767571b0ab8bfdb1fd747474b07dfb7636dfb7b9f24354a17cc250a442c04c265d7e3a2ab4d6e4f3798410e472397ef0c3bbd8f287fb914aa295e2f85a45d80ae1797eb3b14c936824c27c5b51679575f84a93c9482c1372cac6f5ca4321bfb9552f0aad249e84de64f92713d4d735d03caf85d696f9b4b6ce675e7333f3e635d3d0d040535313331b6792c964ca9f5495f27c66910a010706e2e5a7a3462a45381cc2340c76ecdcc9f32fbc80e7b9484f7130ed3729293d3ccf436b8d1082b8a3c9391ae969a4042535526a124945da31c97b0c06ef4740298d27a13f5588f7fc411ed33489442244a3516a6a6aa8ada9251a8dd2dede8e9377b043f688422dc77182a64a01e30303e5a7a3420841c3f4e9dc74c3d7b8e6eacff2ad9bbecefb2fb9d45f1f918ae9a1a19db41082bcab713d8df414ca5348e98b551b85d99134f535be30666136e4cf88cc40f193b85a6b22362c5be07703be88fe0fe52fb586088542442211229148692e6f994347d76a38f92308d8d373a8fc74d41886c1dad5abb968fd7ad6ad59c39cd9b3715d17e94ac2e650014130af062242223d5512d17514f9bce6b9dee91c88bbecefeaa23f9ea43f91642091209e1c3cee4f148f9374f51ca23b91e797db255a693ff6534501fda4482814221c0e13894458be7c393367cec4344736969606c6322a9e7920b6bffc744c98a63fe5334d1384c0753d3c57d295ac1450143af9f684229ef56ba0e72a3c5763a0310d85d29a86f9691a9b5f6666cb4b9c72f273cc5bf822f3dfb48733963fcbdc052fd1b2700fab963dc7dc052fd2bcf025a635f7e37a83e2a9d24c6470a921140a619a262fbcf00289446244cd17209d1a3a465408f8f24b2f979f4e00daaf819ee4cd33fc0f6918beb8c2f057e48e8b08c286c22b34dfc1e28b8a50c4d1747b9a476321ba5dd89b3278b02d428f07fb52824762617a5ce8764118fe4cc51f94fc4261902b16cff3504a951e4712030ea74da009f7d075a0abdc343eb43ff43baee4b10e97643a83eb495ca949a533f40d0cf04c779eeeb82f96f414d255fe80e2f9a27a9e424945322388da929ca3c97b9a69218f9ce30b1436147957a3a47fad94bad09f6ab4f4af2906cd8ee390cfe7c9e7f32c5ab488baba3ad4086ec4d9b56367d004d576261c7fe2099c70e209e5a631f3ec9f9f62f79ec7f09483d42ed2c8b1b439cea15c0f731afae99503182117ad416950aa5834426b7f2028d884504825500a2ca1703dc3bf4e802bc5e0bc5a15c29ec273b506cb6bc0c979747676d2d1d94e4767076d6dafd219eba433162316eb60fefcf99c78c289c1af50e2ee9ffc94f6b6f6a079e8eeac77bceb1ddc70d38de5a631a1b5e63f7efd237efa9bef20c9e3491734344405390f3c4c5ccf9f6205510a2c4395faa6c2605a9965293bd58028fe29442f4587d660890821a30681c525e7fd232b96ad29bd0e80659a2c58b070d81daaaeeb72c13bcfaf1a2b0e197e1e7bf4b1aa11f798d0e0386ea119fac2f46734190772f982ad50a40752fa05ad0bb6627c5808a4a51e2c9eff28e560f823cb1f8b452af26e9a64fe10a97c1f3367cde0e4b79c5c51162d5a4c4dcdf079803ffdf14f55c5a39a80e9749a9dc3b4f7d122842093cce16541e54d54de44e64c54ce80bc40e7053a275039d079d039d0398dca825b284e46e366144e5ae36434f9b4229752e4d3925cda239f92e4d35ea148f269895328f98cc4c9489cacc2c94aa4a3308b377397157fd1bf4a532870b86dbf439a30c0196b56f3ed7ff976d03c2ab4d6ec6b7b89ed3bb755e6e6941f9e28e94fbfa42ae6f78aa3676506d99fa269347e3c270c8151b8ab5d140268a32c442906d5c21098865108b4fdeb43a1306b4f3b87e6b9d5d737aa914c26b9e8fc0bc9e7f341170c27a010829fde73f7b8ef409252fa5339a5505222952c8428d23f2f96e23c5716939fbe684a17d3f07eb3f663473ff9608842f6a628a261966a9761066a9961faab8b85d94cb5bcde70fcecdfefe6f6db6e0f9a4b541510e0a28b2fe2f3d75e13348f99f258ab787ca4c7e07191f2da23caf6d80cf7183c1e29524adeb77e033d3d3d415789217d60917b7f772f07f61f089ac74cf18b8a42f32b3639b3b0ee6c59fe1e6abbb085a458c2617ffdb9bc94fbfd7dd7fef3cbfbb462bf562ef068f9dd6ffee7b0e27138011dc7e1ae3b7f1434ffc5904ea7b973d39d41f310861510e0be7befe395975f099aff22b8e7e7f7d0dfdf1f340fe1b0022aa5b8f5e65b4734d5792311eb8cf1f3bb7f163457e5b002023cf3f46e7e71f7cf83e6372c4a296ebae11be4b2b9a0ab2a471410e0f6db6e1fb21efa46e5173ffb05cfec7e26681e9611090870fd17af63a07fec19eb638127b63fc10f6ebf23683e2c2316b0a3bd832f7de14b151b27df48747674f0e56baf1ff5f71bb18014fac38d376d0c9a8f790e761de4ea4f5f4d3a3d34e37c24462520c07df76ee6ba2f5c577589ef58e460d741aefae8c78975c682ae11316a0101b63db4952f5f7b7dd07cccb16fef3eaefae8c739d87530e81a31631210e0e1ad0ff3c98f7d92546ae84ad5b1c0533b77f1f17ff8d8b8c4633c0252f6212672cefc5ab0eda1ad13f6e38f4b400acde0c3977f886d5bb7055d930ecff3b8edbbdfe3fa2f4e5cf7336451692c388ec303f73f403299e294534ea9ba0decf5a6b3a383ab3f7d355bff6f6bd0352e86cd078e95e90dd3b9ecf20fb0e1d20da5fbea5e4fba0e74f1e31fdec5e6ffdd7c5422870917b048d3ac262ebbfc322ebcf8a2d22d62af25ddddddfcf8cebbf8edaf7f1b744d28474dc0228d8d8d5cf1e12b79d7bbdf457d7d7dd03de1b4bddac67fddf39ffceabf7f15741d158eba80e5ac5cb592bf7edb5b39edf4d326f49f343efdd4d33cfaf0236c7b681b9d1d9d41f751e53515b09cfafa7a962d5fc6a2c58b58b070012dadadb4b6b656de291aa0bfbf9fcef60e3a3a3a79e5e5977976f7b3a3fa27394783d74dc0e1f057de40146e502cdf14341919771c38d1685dd89656f8170123dd3df57a31e9043cd69812709c4c09384efe1f6090ff21e4dac16e0000000049454e44ae426082, 'Pending');

-- --------------------------------------------------------

--
-- Table structure for table `violation`
--

CREATE TABLE `violation` (
  `ViolationID` int(11) NOT NULL,
  `ViolationType` varchar(50) DEFAULT NULL,
  `ViolationPoint` int(11) DEFAULT NULL
) ENGINE=InnoDB DEFAULT CHARSET=utf8mb4 COLLATE=utf8mb4_general_ci;

--
-- Dumping data for table `violation`
--

INSERT INTO `violation` (`ViolationID`, `ViolationType`, `ViolationPoint`) VALUES
(1, 'Parking Violation', 10),
(2, 'Campus Traffic Regulations', 15),
(3, 'Accident Caused', 20);

--
-- Indexes for dumped tables
--

--
-- Indexes for table `booking`
--
ALTER TABLE `booking`
  ADD PRIMARY KEY (`BookingID`),
  ADD KEY `StudentID` (`StudentID`),
  ADD KEY `ParkingSpaceID` (`ParkingSpaceID`);

--
-- Indexes for table `parkingarea`
--
ALTER TABLE `parkingarea`
  ADD PRIMARY KEY (`ParkingAreaID`);

--
-- Indexes for table `parkingspace`
--
ALTER TABLE `parkingspace`
  ADD PRIMARY KEY (`ParkingSpaceID`),
  ADD KEY `ParkingAreaID` (`ParkingAreaID`);

--
-- Indexes for table `parkingstatus`
--
ALTER TABLE `parkingstatus`
  ADD PRIMARY KEY (`ParkingStatusID`),
  ADD KEY `ParkingSpaceID` (`ParkingSpaceID`),
  ADD KEY `ParkingAreaID` (`ParkingAreaID`);

--
-- Indexes for table `qrcode`
--
ALTER TABLE `qrcode`
  ADD PRIMARY KEY (`QRCodeID`);

--
-- Indexes for table `staff`
--
ALTER TABLE `staff`
  ADD PRIMARY KEY (`StaffID`);

--
-- Indexes for table `student`
--
ALTER TABLE `student`
  ADD PRIMARY KEY (`StudentID`);

--
-- Indexes for table `studentmerit`
--
ALTER TABLE `studentmerit`
  ADD PRIMARY KEY (`MeritID`),
  ADD KEY `StudentID` (`StudentID`);

--
-- Indexes for table `trafficsummon`
--
ALTER TABLE `trafficsummon`
  ADD PRIMARY KEY (`SummonID`),
  ADD KEY `StudentID` (`StudentID`),
  ADD KEY `ViolationID` (`ViolationID`),
  ADD KEY `QRCodeID` (`QRCodeID`);

--
-- Indexes for table `vehicle`
--
ALTER TABLE `vehicle`
  ADD PRIMARY KEY (`VehicleID`),
  ADD KEY `StudentID` (`StudentID`);

--
-- Indexes for table `violation`
--
ALTER TABLE `violation`
  ADD PRIMARY KEY (`ViolationID`);

--
-- AUTO_INCREMENT for dumped tables
--

--
-- AUTO_INCREMENT for table `parkingstatus`
--
ALTER TABLE `parkingstatus`
  MODIFY `ParkingStatusID` int(11) NOT NULL AUTO_INCREMENT, AUTO_INCREMENT=240;

--
-- AUTO_INCREMENT for table `qrcode`
--
ALTER TABLE `qrcode`
  MODIFY `QRCodeID` int(11) NOT NULL AUTO_INCREMENT, AUTO_INCREMENT=2;

--
-- AUTO_INCREMENT for table `studentmerit`
--
ALTER TABLE `studentmerit`
  MODIFY `MeritID` int(11) NOT NULL AUTO_INCREMENT;

--
-- AUTO_INCREMENT for table `trafficsummon`
--
ALTER TABLE `trafficsummon`
  MODIFY `SummonID` int(11) NOT NULL AUTO_INCREMENT, AUTO_INCREMENT=2;

--
-- AUTO_INCREMENT for table `violation`
--
ALTER TABLE `violation`
  MODIFY `ViolationID` int(11) NOT NULL AUTO_INCREMENT, AUTO_INCREMENT=4;

--
-- Constraints for dumped tables
--

--
-- Constraints for table `booking`
--
ALTER TABLE `booking`
  ADD CONSTRAINT `booking_ibfk_1` FOREIGN KEY (`StudentID`) REFERENCES `student` (`StudentID`),
  ADD CONSTRAINT `booking_ibfk_2` FOREIGN KEY (`ParkingSpaceID`) REFERENCES `parkingspace` (`ParkingSpaceID`);

--
-- Constraints for table `parkingspace`
--
ALTER TABLE `parkingspace`
  ADD CONSTRAINT `parkingspace_ibfk_1` FOREIGN KEY (`ParkingAreaID`) REFERENCES `parkingarea` (`ParkingAreaID`);

--
-- Constraints for table `parkingstatus`
--
ALTER TABLE `parkingstatus`
  ADD CONSTRAINT `parkingstatus_ibfk_1` FOREIGN KEY (`ParkingSpaceID`) REFERENCES `parkingspace` (`ParkingSpaceID`),
  ADD CONSTRAINT `parkingstatus_ibfk_2` FOREIGN KEY (`ParkingAreaID`) REFERENCES `parkingarea` (`ParkingAreaID`);

--
-- Constraints for table `studentmerit`
--
ALTER TABLE `studentmerit`
  ADD CONSTRAINT `studentmerit_ibfk_1` FOREIGN KEY (`StudentID`) REFERENCES `student` (`StudentID`);

--
-- Constraints for table `trafficsummon`
--
ALTER TABLE `trafficsummon`
  ADD CONSTRAINT `trafficsummon_ibfk_1` FOREIGN KEY (`StudentID`) REFERENCES `student` (`StudentID`),
  ADD CONSTRAINT `trafficsummon_ibfk_2` FOREIGN KEY (`ViolationID`) REFERENCES `violation` (`ViolationID`),
  ADD CONSTRAINT `trafficsummon_ibfk_3` FOREIGN KEY (`QRCodeID`) REFERENCES `qrcode` (`QRCodeID`);

--
-- Constraints for table `vehicle`
--
ALTER TABLE `vehicle`
  ADD CONSTRAINT `vehicle_ibfk_1` FOREIGN KEY (`StudentID`) REFERENCES `student` (`StudentID`);
COMMIT;

/*!40101 SET CHARACTER_SET_CLIENT=@OLD_CHARACTER_SET_CLIENT */;
/*!40101 SET CHARACTER_SET_RESULTS=@OLD_CHARACTER_SET_RESULTS */;
/*!40101 SET COLLATION_CONNECTION=@OLD_COLLATION_CONNECTION */;
